[{"fields": {"model": "logentry", "name": "log entry", "app_label": "admin"}, "model": "contenttypes.contenttype", "pk": 1}, {"fields": {"model": "permission", "name": "permission", "app_label": "auth"}, "model": "contenttypes.contenttype", "pk": 2}, {"fields": {"model": "group", "name": "group", "app_label": "auth"}, "model": "contenttypes.contenttype", "pk": 3}, {"fields": {"model": "contenttype", "name": "content type", "app_label": "contenttypes"}, "model": "contenttypes.contenttype", "pk": 4}, {"fields": {"model": "session", "name": "session", "app_label": "sessions"}, "model": "contenttypes.contenttype", "pk": 5}, {"fields": {"model": "user", "name": "user", "app_label": "administrador"}, "model": "contenttypes.contenttype", "pk": 6}, {"fields": {"model": "banner", "name": "Banner", "app_label": "administrador"}, "model": "contenttypes.contenttype", "pk": 7}, {"fields": {"model": "empresa", "name": "Empresa", "app_label": "main"}, "model": "contenttypes.contenttype", "pk": 8}, {"fields": {"model": "estado", "name": "Estado", "app_label": "main"}, "model": "contenttypes.contenttype", "pk": 9}, {"fields": {"model": "ciudad", "name": "Ciudad", "app_label": "main"}, "model": "contenttypes.contenttype", "pk": 10}, {"fields": {"model": "zona", "name": "Zona", "app_label": "main"}, "model": "contenttypes.contenttype", "pk": 11}, {"fields": {"model": "direccion", "name": "Direccion", "app_label": "main"}, "model": "contenttypes.contenttype", "pk": 12}, {"fields": {"model": "categoria", "name": "Categoria", "app_label": "main"}, "model": "contenttypes.contenttype", "pk": 13}, {"fields": {"model": "marca", "name": "Marca", "app_label": "main"}, "model": "contenttypes.contenttype", "pk": 14}, {"fields": {"model": "modelo", "name": "Modelo", "app_label": "main"}, "model": "contenttypes.contenttype", "pk": 15}, {"fields": {"model": "herramienta", "name": "Herramienta", "app_label": "main"}, "model": "contenttypes.contenttype", "pk": 16}, {"fields": {"model": "producto", "name": "Producto", "app_label": "main"}, "model": "contenttypes.contenttype", "pk": 17}, {"fields": {"model": "imagenproducto", "name": "Imagen Producto", "app_label": "main"}, "model": "contenttypes.contenttype", "pk": 18}, {"fields": {"model": "alquiler", "name": "Alquiler", "app_label": "main"}, "model": "contenttypes.contenttype", "pk": 19}, {"fields": {"model": "venta", "name": "Venta", "app_label": "main"}, "model": "contenttypes.contenttype", "pk": 20}, {"fields": {"model": "pago", "name": "Pago", "app_label": "main"}, "model": "contenttypes.contenttype", "pk": 21}, {"fields": {"model": "pagoventa", "name": "Pago Venta", "app_label": "main"}, "model": "contenttypes.contenttype", "pk": 22}, {"fields": {"model": "pagoalquiler", "name": "Pago Alquiler", "app_label": "main"}, "model": "contenttypes.contenttype", "pk": 23}, {"fields": {"expire_date": "2015-03-15T00:17:26.823Z", "session_data": "MTE0Y2Q4NjRiNzQ5NzlhYjM5YmJkYjBhM2ZjMDIyNzBiYzI0OWRiYTp7Il9hdXRoX3VzZXJfaGFzaCI6ImEzNTU2MmE4ZjFiOWI2OTUyMTBkY2ZiMzFhNjA3YjRlNDlhNDQ5NDkiLCJfYXV0aF91c2VyX2JhY2tlbmQiOiJkamFuZ28uY29udHJpYi5hdXRoLmJhY2tlbmRzLk1vZGVsQmFja2VuZCIsIl9hdXRoX3VzZXJfaWQiOjF9"}, "model": "sessions.session", "pk": "rh78alkxzlvmtjwfwvp96ixhdzxzskgy"}, {"fields": {"nacionalidad": "V", "apellido": "valderrama", "is_active": true, "ciudad": "caracas", "is_staff": true, "last_login": "2015-03-01T00:17:26.776Z", "nombre": "edgar", "password": "pbkdf2_sha256$12000$sAyY3mPOjLSt$AxxWL4xwatb/aTq+cTfkgEFEBq8BKZR9lSBzd91ak4s=", "email": "valderrama_862@hotmail.com", "cedula": 1234567}, "model": "administrador.user", "pk": 1}, {"fields": {"info": "Minions ipsum uuuhhh uuuhhh hahaha me want bananaaa! Poopayee chasy tulaliloo uuuhhh butt daa pepete chasy butt butt. Daa belloo! Pepete tatata bala tu bee do bee do bee do. Wiiiii chasy bee do bee do bee do belloo! Chasy ti aamoo! Jiji belloo! Potatoooo jeje tatata bala tu. Gelatooo poopayee para t\u00fa tatata bala tu tulaliloo. Tatata bala tu ti aamoo! Bananaaaa belloo! Butt bee do bee do bee do bananaaaa poulet tikka masala me want bananaaa! Po kass la bodaaa potatoooo baboiii poulet tikka masala jiji bappleees para t\u00fa potatoooo daa tulaliloo.   Bananaaaa bee do bee do bee do poopayee butt po kass potatoooo underweaaar tatata bala tu gelatooo. Potatoooo jiji po kass jiji. Me want bananaaa! me want bananaaa! Butt jiji hana dul sae jeje jeje para t\u00fa jiji pepete bananaaaa. Gelatooo po kass tulaliloo butt poulet tikka masala hahaha po kass jiji aaaaaah uuuhhh. Gelatooo po kass tank yuuu! Wiiiii underweaaar uuuhhh jeje poulet tikka masala. Po kass butt poopayee tank yuuu! Underweaaar me want bananaaa! Jeje. Butt belloo! Aaaaaah tank yuuu! Gelatooo wiiiii jeje tulaliloo. Tank yuuu! poulet tikka masala tank yuuu! Potatoooo jiji.", "servicios": "Minions ipsum uuuhhh uuuhhh hahaha me want bananaaa! Poopayee chasy tulaliloo uuuhhh butt daa pepete chasy butt butt. Daa belloo! Pepete tatata bala tu bee do bee do bee do. Wiiiii chasy bee do bee do bee do belloo! Chasy ti aamoo! Jiji belloo! Potatoooo jeje tatata bala tu. Gelatooo poopayee para t\u00fa tatata bala tu tulaliloo. Tatata bala tu ti aamoo! Bananaaaa belloo! Butt bee do bee do bee do bananaaaa poulet tikka masala me want bananaaa! Po kass la bodaaa potatoooo baboiii poulet tikka masala jiji bappleees para t\u00fa potatoooo daa tulaliloo.", "mision": "Minions ipsum uuuhhh uuuhhh hahaha me want bananaaa! Poopayee chasy tulaliloo uuuhhh butt daa pepete chasy butt butt. Daa belloo! Pepete tatata bala tu bee do bee do bee do. Wiiiii chasy bee do bee do bee do belloo! Chasy ti aamoo! Jiji belloo! Potatoooo jeje tatata bala tu. Gelatooo poopayee para t\u00fa tatata bala tu tulaliloo. Tatata bala tu ti aamoo! Bananaaaa belloo! Butt bee do bee do bee do bananaaaa poulet tikka masala me want bananaaa! Po kass la bodaaa potatoooo baboiii poulet tikka masala jiji bappleees para t\u00fa potatoooo daa tulaliloo.asd adasd", "vision": "Minions ipsum uuuhhh uuuhhh hahaha me want bananaaa! Poopayee chasy tulaliloo uuuhhh butt daa pepete chasy butt butt. Daa belloo! Pepete tatata bala tu bee do bee do bee do. Wiiiii chasy bee do bee do bee do belloo! Chasy ti aamoo! Jiji belloo! Potatoooo jeje tatata bala tu. Gelatooo poopayee para t\u00fa tatata bala tu tulaliloo. Tatata bala tu ti aamoo! Bananaaaa belloo! Butt bee do bee do bee do bananaaaa poulet tikka masala me want bananaaa! Po kass la bodaaa potatoooo baboiii poulet tikka masala jiji bappleees para t\u00fa potatoooo daa tulaliloo."}, "model": "main.empresa", "pk": 1}, {"fields": {"info": "Minions ipsum uuuhhh uuuhhh hahaha me want bananaaa! Poopayee chasy tulaliloo uuuhhh butt daa pepete chasy butt butt. Daa belloo! Pepete tatata bala tu bee do bee do bee do. Wiiiii chasy bee do bee do bee do belloo! Chasy ti aamoo! Jiji belloo! Potatoooo jeje tatata bala tu. Gelatooo poopayee para t\u00fa tatata bala tu tulaliloo. Tatata bala tu ti aamoo! Bananaaaa belloo! Butt bee do bee do bee do bananaaaa poulet tikka masala me want bananaaa! Po kass la bodaaa potatoooo baboiii poulet tikka masala jiji bappleees para t\u00fa potatoooo daa tulaliloo.   Bananaaaa bee do bee do bee do poopayee butt po kass potatoooo underweaaar tatata bala tu gelatooo. Potatoooo jiji po kass jiji. Me want bananaaa! me want bananaaa! Butt jiji hana dul sae jeje jeje para t\u00fa jiji pepete bananaaaa. Gelatooo po kass tulaliloo butt poulet tikka masala hahaha po kass jiji aaaaaah uuuhhh. Gelatooo po kass tank yuuu! Wiiiii underweaaar uuuhhh jeje poulet tikka masala. Po kass butt poopayee tank yuuu! Underweaaar me want bananaaa! Jeje. Butt belloo! Aaaaaah tank yuuu! Gelatooo wiiiii jeje tulaliloo. Tank yuuu! poulet tikka masala tank yuuu! Potatoooo jiji.", "servicios": "Minions ipsum uuuhhh uuuhhh hahaha me want bananaaa! Poopayee chasy tulaliloo uuuhhh butt daa pepete chasy butt butt. Daa belloo! Pepete tatata bala tu bee do bee do bee do. Wiiiii chasy bee do bee do bee do belloo! Chasy ti aamoo! Jiji belloo! Potatoooo jeje tatata bala tu. Gelatooo poopayee para t\u00fa tatata bala tu tulaliloo. Tatata bala tu ti aamoo! Bananaaaa belloo! Butt bee do bee do bee do bananaaaa poulet tikka masala me want bananaaa! Po kass la bodaaa potatoooo baboiii poulet tikka masala jiji bappleees para t\u00fa potatoooo daa tulaliloo.bala tu ti aamoo! Bananaaaa belloo! Butt bee do bee do bee do bananaaaa poulet tikka masala me want bananaaa! Po kass la bodaaa potatoooo baboiii poulet tikka masala jiji bappleees para t\u00fa potatoooo daa tulaliloo.", "mision": "Minions ipsum uuuhhh uuuhhh hahaha me want bananaaa! Poopayee chasy tulaliloo uuuhhh butt daa pepete chasy butt butt. Daa belloo! Pepete tatata bala tu bee do bee do bee do. Wiiiii chasy bee do bee do bee do belloo! Chasy ti aamoo! Jiji belloo! Potatoooo jeje tatata bala tu. Gelatooo poopayee para t\u00fa tatata bala tu tulaliloo. Tatata bala tu ti aamoo! Bananaaaa belloo! Butt bee do bee do bee do bananaaaa poulet tikka masala me want bananaaa! Po kass la bodaaa potatoooo baboiii poulet tikka masala jiji bappleees para t\u00fa potatoooo daa tulaliloo.", "vision": "Minions ipsum uuuhhh uuuhhh hahaha me want bananaaa! Poopayee chasy tulaliloo uuuhhh butt daa pepete chasy butt butt. Daa belloo! Pepete tatata bala tu bee do bee do bee do. Wiiiii chasy bee do bee do bee do belloo! Chasy ti aamoo! Jiji belloo! Potatoooo jeje tatata bala tu. Gelatooo poopayee para t\u00fa tatata bala tu tulaliloo. Tatata bala tu ti aamoo! Bananaaaa belloo! Butt bee do bee do bee do bananaaaa poulet tikka masala me want bananaaa! Po kass la bodaaa potatoooo baboiii poulet tikka masala jiji bappleees para t\u00fa potatoooo daa tulaliloo."}, "model": "main.empresa", "pk": 2}, {"fields": {"info": "Minions ipsum uuuhhh uuuhhh hahaha me want bananaaa! Poopayee chasy tulaliloo uuuhhh butt daa pepete chasy butt butt. Daa belloo! Pepete tatata bala tu bee do bee do bee do. Wiiiii chasy bee do bee do bee do belloo! Chasy ti aamoo! Jiji belloo! Potatoooo jeje tatata bala tu. Gelatooo poopayee para t\u00fa tatata bala tu tulaliloo. Tatata bala tu ti aamoo! Bananaaaa belloo! Butt bee do bee do bee do bananaaaa poulet tikka masala me want bananaaa! Po kass la bodaaa potatoooo baboiii poulet tikka masala jiji bappleees para t\u00fa potatoooo daa tulaliloo.   Bananaaaa bee do bee do bee do poopayee butt po kass potatoooo underweaaar tatata bala tu gelatooo. Potatoooo jiji po kass jiji. Me want bananaaa! me want bananaaa! Butt jiji hana dul sae jeje jeje para t\u00fa jiji pepete bananaaaa. Gelatooo po kass tulaliloo butt poulet tikka masala hahaha po kass jiji aaaaaah uuuhhh. Gelatooo po kass tank yuuu! Wiiiii underweaaar uuuhhh jeje poulet tikka masala. Po kass butt poopayee tank yuuu! Underweaaar me want bananaaa! Jeje. Butt belloo! Aaaaaah tank yuuu! Gelatooo wiiiii jeje tulaliloo. Tank yuuu! poulet tikka masala tank yuuu! Potatoooo jiji.", "servicios": "Minions ipsum uuuhhh uuuhhh hahaha me want bananaaa! Poopayee chasy tulaliloo uuuhhh butt daa pepete chasy butt butt. Daa belloo! Pepete tatata bala tu bee do bee do bee do. Wiiiii chasy bee do bee do bee do belloo! Chasy ti aamoo! Jiji belloo! Potatoooo jeje tatata bala tu. Gelatooo poopayee para t\u00fa tatata bala tu tulaliloo. Tatata bala tu ti aamoo! Bananaaaa belloo! Butt bee do bee do bee do bananaaaa poulet tikka masala me want bananaaa! Po kass la bodaaa potatoooo baboiii poulet tikka masala jiji bappleees para t\u00fa potatoooo daa tulaliloo.kajskjdkjad", "mision": "Minions ipsum uuuhhh uuuhhh hahaha me want bananaaa! Poopayee chasy tulaliloo uuuhhh butt daa pepete chasy butt butt. Daa belloo! Pepete tatata bala tu bee do bee do bee do. Wiiiii chasy bee do bee do bee do belloo! Chasy ti aamoo! Jiji belloo! Potatoooo jeje tatata bala tu. Gelatooo poopayee para t\u00fa tatata bala tu tulaliloo. Tatata bala tu ti aamoo! Bananaaaa belloo! Butt bee do bee do bee do bananaaaa poulet tikka masala me want bananaaa! Po kass la bodaaa potatoooo baboiii poulet tikka masala jiji bappleees para t\u00fa potatoooo daa tulaliloo.", "vision": "Minions ipsum uuuhhh uuuhhh hahaha me want bananaaa! Poopayee chasy tulaliloo uuuhhh butt daa pepete chasy butt butt. Daa belloo! Pepete tatata bala tu bee do bee do bee do. Wiiiii chasy bee do bee do bee do belloo! Chasy ti aamoo! Jiji belloo! Potatoooo jeje tatata bala tu. Gelatooo poopayee para t\u00fa tatata bala tu tulaliloo. Tatata bala tu ti aamoo! Bananaaaa belloo! Butt bee do bee do bee do bananaaaa poulet tikka masala me want bananaaa! Po kass la bodaaa potatoooo baboiii poulet tikka masala jiji bappleees para t\u00fa potatoooo daa tulaliloo."}, "model": "main.empresa", "pk": 3}, {"fields": {"info": "Minions ipsum uuuhhh uuuhhh hahaha me want bananaaa! Poopayee chasy tulaliloo uuuhhh butt daa pepete chasy butt butt. Daa belloo! Pepete tatata bala tu bee do bee do bee do. Wiiiii chasy bee do bee do bee do belloo! Chasy ti aamoo! Jiji belloo! Potatoooo jeje tatata bala tu. Gelatooo poopayee para t\u00fa tatata bala tu tulaliloo. Tatata bala tu ti aamoo! Bananaaaa belloo! Butt bee do bee do bee do bananaaaa poulet tikka masala me want bananaaa! Po kass la bodaaa potatoooo baboiii poulet tikka masala jiji bappleees para t\u00fa potatoooo daa tulaliloo.   Bananaaaa bee do bee do bee do poopayee butt po kass potatoooo underweaaar tatata bala tu gelatooo. Potatoooo jiji po kass jiji. Me want bananaaa! me want bananaaa! Butt jiji hana dul sae jeje jeje para t\u00fa jiji pepete bananaaaa. Gelatooo po kass tulaliloo butt poulet tikka masala hahaha po kass jiji aaaaaah uuuhhh. Gelatooo po kass tank yuuu! Wiiiii underweaaar uuuhhh jeje poulet tikka masala. Po kass butt poopayee tank yuuu! Underweaaar me want bananaaa! Jeje. Butt belloo! Aaaaaah tank yuuu! Gelatooo wiiiii jeje tulaliloo. Tank yuuu! poulet tikka masala tank yuuu! Potatoooo jiji.", "servicios": "Minions ipsum uuuhhh uuuhhh hahaha me want bananaaa! Poopayee chasy tulaliloo uuuhhh butt daa pepete chasy butt butt. Daa belloo! Pepete tatata bala tu bee do bee do bee do. Wiiiii chasy bee do bee do bee do belloo! Chasy ti aamoo! Jiji belloo! Potatoooo jeje tatata bala tu. Gelatooo poopayee para t\u00fa tatata bala tu tulaliloo. Tatata bala tu ti aamoo! Bananaaaa belloo! Butt bee do bee do bee do bananaaaa poulet tikka masala me want bananaaa! Po kass la bodaaa potatoooo baboiii poulet tikka masala jiji bappleees para t\u00fa potatoooo daa tulaliloo.kajskjdkjad", "mision": "Minions ipsum uuuhhh uuuhhh hahaha me want bananaaa! Poopayee chasy tulaliloo uuuhhh butt daa pepete chasy butt butt. Daa belloo! Pepete tatata bala tu bee do bee do bee do. Wiiiii chasy bee do bee do bee do belloo! Chasy ti aamoo! Jiji belloo! Potatoooo jeje tatata bala tu. Gelatooo poopayee para t\u00fa tatata bala tu tulaliloo. Tatata bala tu ti aamoo! Bananaaaa belloo! Butt bee do bee do bee do bananaaaa poulet tikka masala me want bananaaa! Po kass la bodaaa potatoooo baboiii poulet tikka masala jiji bappleees para t\u00fa potatoooo daa tulaliloo.", "vision": "Minions ipsum uuuhhh uuuhhh hahaha me want bananaaa! Poopayee chasy tulaliloo uuuhhh butt daa pepete chasy butt butt. Daa belloo! Pepete tatata bala tu bee do bee do bee do. Wiiiii chasy bee do bee do bee do belloo! Chasy ti aamoo! Jiji belloo! Potatoooo jeje tatata bala tu. Gelatooo poopayee para t\u00fa tatata bala tu tulaliloo. Tatata bala tu ti aamoo! Bananaaaa belloo! Butt bee do bee do bee do bananaaaa poulet tikka masala me want bananaaa! Po kass la bodaaa potatoooo baboiii poulet tikka masala jiji bappleees para t\u00fa potatoooo daa tulaliloo."}, "model": "main.empresa", "pk": 4}, {"fields": {"info": "Minions ipsum uuuhhh uuuhhh hahaha me want bananaaa! Poopayee chasy tulaliloo uuuhhh butt daa pepete chasy butt butt. Daa belloo! Pepete tatata bala tu bee do bee do bee do. Wiiiii chasy bee do bee do bee do belloo! Chasy ti aamoo! Jiji belloo! Potatoooo jeje tatata bala tu. Gelatooo poopayee para t\u00fa tatata bala tu tulaliloo. Tatata bala tu ti aamoo! Bananaaaa belloo! Butt bee do bee do bee do bananaaaa poulet tikka masala me want bananaaa! Po kass la bodaaa potatoooo baboiii poulet tikka masala jiji bappleees para t\u00fa potatoooo daa tulaliloo.   Bananaaaa bee do bee do bee do poopayee butt po kass potatoooo underweaaar tatata bala tu gelatooo. Potatoooo jiji po kass jiji. Me want bananaaa! me want bananaaa! Butt jiji hana dul sae jeje jeje para t\u00fa jiji pepete bananaaaa. Gelatooo po kass tulaliloo butt poulet tikka masala hahaha po kass jiji aaaaaah uuuhhh. Gelatooo po kass tank yuuu! Wiiiii underweaaar uuuhhh jeje poulet tikka masala. Po kass butt poopayee tank yuuu! Underweaaar me want bananaaa! Jeje. Butt belloo! Aaaaaah tank yuuu! Gelatooo wiiiii jeje tulaliloo. Tank yuuu! poulet tikka masala tank yuuu! Potatoooo jiji.", "servicios": "Minions ipsum uuuhhh uuuhhh hahaha me want bananaaa! Poopayee chasy tulaliloo uuuhhh butt daa pepete chasy butt butt. Daa belloo! Pepete tatata bala tu bee do bee do bee do. Wiiiii chasy bee do bee do bee do belloo! Chasy ti aamoo! Jiji belloo! Potatoooo jeje tatata bala tu. Gelatooo poopayee para t\u00fa tatata bala tu tulaliloo. Tatata bala tu ti aamoo! Bananaaaa belloo! Butt bee do bee do bee do bananaaaa poulet tikka masala me want bananaaa! Po kass la bodaaa potatoooo baboiii poulet tikka masala jiji bappleees para t\u00fa potatoooo daa tulaliloo.\r\n\\aklslas", "mision": "Minions ipsum uuuhhh uuuhhh hahaha me want bananaaa! Poopayee chasy tulaliloo uuuhhh butt daa pepete chasy butt butt. Daa belloo! Pepete tatata bala tu bee do bee do bee do. Wiiiii chasy bee do bee do bee do belloo! Chasy ti aamoo! Jiji belloo! Potatoooo jeje tatata bala tu. Gelatooo poopayee para t\u00fa tatata bala tu tulaliloo. Tatata bala tu ti aamoo! Bananaaaa belloo! Butt bee do bee do bee do bananaaaa poulet tikka masala me want bananaaa! Po kass la bodaaa potatoooo baboiii poulet tikka masala jiji bappleees para t\u00fa potatoooo daa tulaliloo.", "vision": "Minions ipsum uuuhhh uuuhhh hahaha me want bananaaa! Poopayee chasy tulaliloo uuuhhh butt daa pepete chasy butt butt. Daa belloo! Pepete tatata bala tu bee do bee do bee do. Wiiiii chasy bee do bee do bee do belloo! Chasy ti aamoo! Jiji belloo! Potatoooo jeje tatata bala tu. Gelatooo poopayee para t\u00fa tatata bala tu tulaliloo. Tatata bala tu ti aamoo! Bananaaaa belloo! Butt bee do bee do bee do bananaaaa poulet tikka masala me want bananaaa! Po kass la bodaaa potatoooo baboiii poulet tikka masala jiji bappleees para t\u00fa potatoooo daa tulaliloo."}, "model": "main.empresa", "pk": 5}, {"fields": {"info": "Minions ipsum uuuhhh uuuhhh hahaha me want bananaaa! Poopayee chasy tulaliloo uuuhhh butt daa pepete chasy butt butt. Daa belloo! Pepete tatata bala tu bee do bee do bee do. Wiiiii chasy bee do bee do bee do belloo! Chasy ti aamoo! Jiji belloo! Potatoooo jeje tatata bala tu. Gelatooo poopayee para t\u00fa tatata bala tu tulaliloo. Tatata bala tu ti aamoo! Bananaaaa belloo! Butt bee do bee do bee do bananaaaa poulet tikka masala me want bananaaa! Po kass la bodaaa potatoooo baboiii poulet tikka masala jiji bappleees para t\u00fa potatoooo daa tulaliloo.   Bananaaaa bee do bee do bee do poopayee butt po kass potatoooo underweaaar tatata bala tu gelatooo. Potatoooo jiji po kass jiji. Me want bananaaa! me want bananaaa! Butt jiji hana dul sae jeje jeje para t\u00fa jiji pepete bananaaaa. Gelatooo po kass tulaliloo butt poulet tikka masala hahaha po kass jiji aaaaaah uuuhhh. Gelatooo po kass tank yuuu! Wiiiii underweaaar uuuhhh jeje poulet tikka masala. Po kass butt poopayee tank yuuu! Underweaaar me want bananaaa! Jeje. Butt belloo! Aaaaaah tank yuuu! Gelatooo wiiiii jeje tulaliloo. Tank yuuu! poulet tikka masala tank yuuu! Potatoooo jiji.", "servicios": "Minions ipsum uuuhhh uuuhhh hahaha me want bananaaa! Poopayee chasy tulaliloo uuuhhh butt daa pepete chasy butt butt. Daa belloo! Pepete tatata bala tu bee do bee do bee do. Wiiiii chasy bee do bee do bee do belloo! Chasy ti aamoo! Jiji belloo! Potatoooo jeje tatata bala tu. Gelatooo poopayee para t\u00fa tatata bala tu tulaliloo. Tatata bala tu ti aamoo! Bananaaaa belloo! Butt bee do bee do bee do bananaaaa poulet tikka masala me want bananaaa! Po kass la bodaaa potatoooo baboiii poulet tikka masala jiji bappleees para t\u00fa potatoooo daa tulaliloo.", "mision": "Minions ipsum uuuhhh uuuhhh hahaha me want bananaaa! Poopayee chasy tulaliloo uuuhhh butt daa pepete chasy butt butt. Daa belloo! Pepete tatata bala tu bee do bee do bee do. Wiiiii chasy bee do bee do bee do belloo! Chasy ti aamoo! Jiji belloo! Potatoooo jeje tatata bala tu. Gelatooo poopayee para t\u00fa tatata bala tu tulaliloo. Tatata bala tu ti aamoo! Bananaaaa belloo! Butt bee do bee do bee do bananaaaa poulet tikka masala me want bananaaa! Po kass la bodaaa potatoooo baboiii poulet tikka masala jiji bappleees para t\u00fa potatoooo daa tulaliloo.", "vision": "Minions ipsum uuuhhh uuuhhh hahaha me want bananaaa! Poopayee chasy tulaliloo uuuhhh butt daa pepete chasy butt butt. Daa belloo! Pepete tatata bala tu bee do bee do bee do. Wiiiii chasy bee do bee do bee do belloo! Chasy ti aamoo! Jiji belloo! Potatoooo jeje tatata bala tu. Gelatooo poopayee para t\u00fa tatata bala tu tulaliloo. Tatata bala tu ti aamoo! Bananaaaa belloo! Butt bee do bee do bee do bananaaaa poulet tikka masala me want bananaaa! Po kass la bodaaa potatoooo baboiii poulet tikka masala jiji bappleees para t\u00fa potatoooo daa tulaliloo."}, "model": "main.empresa", "pk": 6}, {"fields": {"info": "Minions ipsum uuuhhh uuuhhh hahaha me want bananaaa! Poopayee chasy tulaliloo uuuhhh butt daa pepete chasy butt butt. Daa belloo! Pepete tatata bala tu bee do bee do bee do. Wiiiii chasy bee do bee do bee do belloo! Chasy ti aamoo! Jiji belloo! Potatoooo jeje tatata bala tu. Gelatooo poopayee para t\u00fa tatata bala tu tulaliloo. Tatata bala tu ti aamoo! Bananaaaa belloo! Butt bee do bee do bee do bananaaaa poulet tikka masala me want bananaaa! Po kass la bodaaa potatoooo baboiii poulet tikka masala jiji bappleees para t\u00fa potatoooo daa tulaliloo.   Bananaaaa bee do bee do bee do poopayee butt po kass potatoooo underweaaar tatata bala tu gelatooo. Potatoooo jiji po kass jiji. Me want bananaaa! me want bananaaa! Butt jiji hana dul sae jeje jeje para t\u00fa jiji pepete bananaaaa. Gelatooo po kass tulaliloo butt poulet tikka masala hahaha po kass jiji aaaaaah uuuhhh. Gelatooo po kass tank yuuu! Wiiiii underweaaar uuuhhh jeje poulet tikka masala. Po kass butt poopayee tank yuuu! Underweaaar me want bananaaa! Jeje. Butt belloo! Aaaaaah tank yuuu! Gelatooo wiiiii jeje tulaliloo. Tank yuuu! poulet tikka masala tank yuuu! Potatoooo jiji.", "servicios": "Minions ipsum uuuhhh uuuhhh hahaha me want bananaaa! Poopayee chasy tulaliloo uuuhhh butt daa pepete chasy butt butt. Daa belloo! Pepete tatata bala tu bee do bee do bee do. Wiiiii chasy bee do bee do bee do belloo! Chasy ti aamoo! Jiji belloo! Potatoooo jeje tatata bala tu. Gelatooo poopayee para t\u00fa tatata bala tu tulaliloo. Tatata bala tu ti aamoo! Bananaaaa belloo! Butt bee do bee do bee do bananaaaa poulet tikka masala me want bananaaa! Po kass la bodaaa potatoooo baboiii poulet tikka masala jiji bappleees para t\u00fa potatoooo daa tulaliloo.", "mision": "Minions ipsum uuuhhh uuuhhh hahaha me want bananaaa! Poopayee chasy tulaliloo uuuhhh butt daa pepete chasy butt butt. Daa belloo! Pepete tatata bala tu bee do bee do bee do. Wiiiii chasy bee do bee do bee do belloo! Chasy ti aamoo! Jiji belloo! Potatoooo jeje tatata bala tu. Gelatooo poopayee para t\u00fa tatata bala tu tulaliloo. Tatata bala tu ti aamoo! Bananaaaa belloo! Butt bee do bee do bee do bananaaaa poulet tikka masala me want bananaaa! Po kass la bodaaa potatoooo baboiii poulet tikka masala jiji bappleees para t\u00fa potatoooo daa tulaliloo.", "vision": "Minions ipsum uuuhhh uuuhhh hahaha me want bananaaa! Poopayee chasy tulaliloo uuuhhh butt daa pepete chasy butt butt. Daa belloo! Pepete tatata bala tu bee do bee do bee do. Wiiiii chasy bee do bee do bee do belloo! Chasy ti aamoo! Jiji belloo! Potatoooo jeje tatata bala tu. Gelatooo poopayee para t\u00fa tatata bala tu tulaliloo. Tatata bala tu ti aamoo! Bananaaaa belloo! Butt bee do bee do bee do bananaaaa poulet tikka masala me want bananaaa! Po kass la bodaaa potatoooo baboiii poulet tikka masala jiji bappleees para t\u00fa potatoooo daa tulaliloo."}, "model": "main.empresa", "pk": 7}, {"fields": {"info": "Minions ipsum uuuhhh uuuhhh hahaha me want bananaaa! Poopayee chasy tulaliloo uuuhhh butt daa pepete chasy butt butt. Daa belloo! Pepete tatata bala tu bee do bee do bee do. Wiiiii chasy bee do bee do bee do belloo! Chasy ti aamoo! Jiji belloo! Potatoooo jeje tatata bala tu. Gelatooo poopayee para t\u00fa tatata bala tu tulaliloo. Tatata bala tu ti aamoo! Bananaaaa belloo! Butt bee do bee do bee do bananaaaa poulet tikka masala me want bananaaa! Po kass la bodaaa potatoooo baboiii poulet tikka masala jiji bappleees para t\u00fa potatoooo daa tulaliloo.   Bananaaaa bee do bee do bee do poopayee butt po kass potatoooo underweaaar tatata bala tu gelatooo. Potatoooo jiji po kass jiji. Me want bananaaa! me want bananaaa! Butt jiji hana dul sae jeje jeje para t\u00fa jiji pepete bananaaaa. Gelatooo po kass tulaliloo butt poulet tikka masala hahaha po kass jiji aaaaaah uuuhhh. Gelatooo po kass tank yuuu! Wiiiii underweaaar uuuhhh jeje poulet tikka masala. Po kass butt poopayee tank yuuu! Underweaaar me want bananaaa! Jeje. Butt belloo! Aaaaaah tank yuuu! Gelatooo wiiiii jeje tulaliloo. Tank yuuu! poulet tikka masala tank yuuu! Potatoooo jiji.", "servicios": "Minions ipsum uuuhhh uuuhhh hahaha me want bananaaa! Poopayee chasy tulaliloo uuuhhh butt daa pepete chasy butt butt. Daa belloo! Pepete tatata bala tu bee do bee do bee do. Wiiiii chasy bee do bee do bee do belloo! Chasy ti aamoo! Jiji belloo! Potatoooo jeje tatata bala tu. Gelatooo poopayee para t\u00fa tatata bala tu tulaliloo. Tatata bala tu ti aamoo! Bananaaaa belloo! Butt bee do bee do bee do bananaaaa poulet tikka masala me want bananaaa! Po kass la bodaaa potatoooo baboiii poulet tikka masala jiji bappleees para t\u00fa potatoooo daa tulaliloo.", "mision": "Minions ipsum uuuhhh uuuhhh hahaha me want bananaaa! Poopayee chasy tulaliloo uuuhhh butt daa pepete chasy butt butt. Daa belloo! Pepete tatata bala tu bee do bee do bee do. Wiiiii chasy bee do bee do bee do belloo! Chasy ti aamoo! Jiji belloo! Potatoooo jeje tatata bala tu. Gelatooo poopayee para t\u00fa tatata bala tu tulaliloo. Tatata bala tu ti aamoo! Bananaaaa belloo! Butt bee do bee do bee do bananaaaa poulet tikka masala me want bananaaa! Po kass la bodaaa potatoooo baboiii poulet tikka masala jiji bappleees para t\u00fa potatoooo daa tulaliloo.", "vision": "Minions ipsum uuuhhh uuuhhh hahaha me want bananaaa! Poopayee chasy tulaliloo uuuhhh butt daa pepete chasy butt butt. Daa belloo! Pepete tatata bala tu bee do bee do bee do. Wiiiii chasy bee do bee do bee do belloo! Chasy ti aamoo! Jiji belloo! Potatoooo jeje tatata bala tu. Gelatooo poopayee para t\u00fa tatata bala tu tulaliloo. Tatata bala tu ti aamoo! Bananaaaa belloo! Butt bee do bee do bee do bananaaaa poulet tikka masala me want bananaaa! Po kass la bodaaa potatoooo baboiii poulet tikka masala jiji bappleees para t\u00fa potatoooo daa tulaliloo."}, "model": "main.empresa", "pk": 8}, {"fields": {"info": "Minions ipsum uuuhhh uuuhhh hahaha me want bananaaa! Poopayee chasy tulaliloo uuuhhh butt daa pepete chasy butt butt. Daa belloo! Pepete tatata bala tu bee do bee do bee do. Wiiiii chasy bee do bee do bee do belloo! Chasy ti aamoo! Jiji belloo! Potatoooo jeje tatata bala tu. Gelatooo poopayee para t\u00fa tatata bala tu tulaliloo. Tatata bala tu ti aamoo! Bananaaaa belloo! Butt bee do bee do bee do bananaaaa poulet tikka masala me want bananaaa! Po kass la bodaaa potatoooo baboiii poulet tikka masala jiji bappleees para t\u00fa potatoooo daa tulaliloo.   Bananaaaa bee do bee do bee do poopayee butt po kass potatoooo underweaaar tatata bala tu gelatooo. Potatoooo jiji po kass jiji. Me want bananaaa! me want bananaaa! Butt jiji hana dul sae jeje jeje para t\u00fa jiji pepete bananaaaa. Gelatooo po kass tulaliloo butt poulet tikka masala hahaha po kass jiji aaaaaah uuuhhh. Gelatooo po kass tank yuuu! Wiiiii underweaaar uuuhhh jeje poulet tikka masala. Po kass butt poopayee tank yuuu! Underweaaar me want bananaaa! Jeje. Butt belloo! Aaaaaah tank yuuu! Gelatooo wiiiii jeje tulaliloo. Tank yuuu! poulet tikka masala tank yuuu! Potatoooo jiji. asdasdas", "servicios": "Minions ipsum uuuhhh uuuhhh hahaha me want bananaaa! Poopayee chasy tulaliloo uuuhhh butt daa pepete chasy butt butt. Daa belloo! Pepete tatata bala tu bee do bee do bee do. Wiiiii chasy bee do bee do bee do belloo! Chasy ti aamoo! Jiji belloo! Potatoooo jeje tatata bala tu. Gelatooo poopayee para t\u00fa tatata bala tu tulaliloo. Tatata bala tu ti aamoo! Bananaaaa belloo! Butt bee do bee do bee do bananaaaa poulet tikka masala me want bananaaa! Po kass la bodaaa potatoooo baboiii poulet tikka masala jiji bappleees para t\u00fa potatoooo daa tulaliloo.", "mision": "Minions ipsum uuuhhh uuuhhh hahaha me want bananaaa! Poopayee chasy tulaliloo uuuhhh butt daa pepete chasy butt butt. Daa belloo! Pepete tatata bala tu bee do bee do bee do. Wiiiii chasy bee do bee do bee do belloo! Chasy ti aamoo! Jiji belloo! Potatoooo jeje tatata bala tu. Gelatooo poopayee para t\u00fa tatata bala tu tulaliloo. Tatata bala tu ti aamoo! Bananaaaa belloo! Butt bee do bee do bee do bananaaaa poulet tikka masala me want bananaaa! Po kass la bodaaa potatoooo baboiii poulet tikka masala jiji bappleees para t\u00fa potatoooo daa tulaliloo.", "vision": "Minions ipsum uuuhhh uuuhhh hahaha me want bananaaa! Poopayee chasy tulaliloo uuuhhh butt daa pepete chasy butt butt. Daa belloo! Pepete tatata bala tu bee do bee do bee do. Wiiiii chasy bee do bee do bee do belloo! Chasy ti aamoo! Jiji belloo! Potatoooo jeje tatata bala tu. Gelatooo poopayee para t\u00fa tatata bala tu tulaliloo. Tatata bala tu ti aamoo! Bananaaaa belloo! Butt bee do bee do bee do bananaaaa poulet tikka masala me want bananaaa! Po kass la bodaaa potatoooo baboiii poulet tikka masala jiji bappleees para t\u00fa potatoooo daa tulaliloo."}, "model": "main.empresa", "pk": 9}, {"fields": {"nombre": "Miranda"}, "model": "main.estado", "pk": 1}, {"fields": {"nombre": "Distrito Capital"}, "model": "main.estado", "pk": 2}, {"fields": {"nombre": "Aragua"}, "model": "main.estado", "pk": 3}, {"fields": {"nombre": "Carabobo"}, "model": "main.estado", "pk": 4}, {"fields": {"nombre": "Amazonas"}, "model": "main.estado", "pk": 5}, {"fields": {"nombre": "Caracas", "estado": 2}, "model": "main.ciudad", "pk": 1}, {"fields": {"nombre": "Los Teques", "estado": 1}, "model": "main.ciudad", "pk": 2}, {"fields": {"nombre": "Maracay", "estado": 3}, "model": "main.ciudad", "pk": 3}, {"fields": {"nombre": "Valencia", "estado": 4}, "model": "main.ciudad", "pk": 4}, {"fields": {"nombre": "San Diego", "estado": 4}, "model": "main.ciudad", "pk": 5}, {"fields": {"nombre": "Boleita", "ciudad": 1}, "model": "main.zona", "pk": 1}, {"fields": {"nombre": "Petare", "ciudad": 1}, "model": "main.zona", "pk": 2}, {"fields": {"nombre": "Centro", "ciudad": 1}, "model": "main.zona", "pk": 3}, {"fields": {"nombre": "Santa Monica", "ciudad": 1}, "model": "main.zona", "pk": 4}, {"fields": {"ciudad": 1, "estado": 2, "zona": 1, "domicilio": "Calle 5ta del centro con 6ta"}, "model": "main.direccion", "pk": 1}, {"fields": {"ciudad": 1, "estado": 2, "zona": 1, "domicilio": "Cuadra 12 urbanizacion Boleita Norte"}, "model": "main.direccion", "pk": 2}, {"fields": {"ciudad": 1, "estado": 2, "zona": 1, "domicilio": "Calle 1 del cruce 2 con avenia 3"}, "model": "main.direccion", "pk": 9}, {"fields": {"ciudad": 1, "estado": 2, "zona": 1, "domicilio": "Cuadra 12 urbanizacion Boleita Norte"}, "model": "main.direccion", "pk": 10}, {"fields": {"nombre": "Taladros"}, "model": "main.categoria", "pk": 1}, {"fields": {"nombre": "Trompos"}, "model": "main.categoria", "pk": 2}, {"fields": {"nombre": "Excavadoras"}, "model": "main.categoria", "pk": 3}, {"fields": {"nombre": "Aplanadoras"}, "model": "main.categoria", "pk": 4}, {"fields": {"nombre": "Camiones"}, "model": "main.categoria", "pk": 5}, {"fields": {"nombre": "Black & Decker"}, "model": "main.marca", "pk": 1}, {"fields": {"nombre": "Tapa Amarilla"}, "model": "main.marca", "pk": 2}, {"fields": {"nombre": "Caterpillar"}, "model": "main.marca", "pk": 3}, {"fields": {"nombre": "John Deere"}, "model": "main.marca", "pk": 4}, {"fields": {"nombre": "Volkswagen"}, "model": "main.marca", "pk": 5}, {"fields": {"nombre": "Concreto", "marca": 1}, "model": "main.modelo", "pk": 1}, {"fields": {"nombre": "G501", "marca": 2}, "model": "main.modelo", "pk": 2}, {"fields": {"nombre": "CAT-415", "marca": 3}, "model": "main.modelo", "pk": 3}, {"fields": {"nombre": "AP-441", "marca": 4}, "model": "main.modelo", "pk": 4}, {"fields": {"nombre": "VKW", "marca": 5}, "model": "main.modelo", "pk": 5}, {"fields": {"categoria": 1, "nombre": "Taladro", "ano": 1996, "modelo": 1, "marca": 1}, "model": "main.herramienta", "pk": 1}, {"fields": {"categoria": 2, "nombre": "Mezcladora", "ano": 2013, "modelo": 2, "marca": 2}, "model": "main.herramienta", "pk": 2}, {"fields": {"categoria": 3, "nombre": "Excavadora", "ano": 2005, "modelo": 3, "marca": 3}, "model": "main.herramienta", "pk": 3}, {"fields": {"categoria": 4, "nombre": "Aplanadora", "ano": 2008, "modelo": 4, "marca": 4}, "model": "main.herramienta", "pk": 4}, {"fields": {"categoria": 3, "nombre": "Maquina excavadora", "ano": 2003, "modelo": 2, "marca": 4}, "model": "main.herramienta", "pk": 11}, {"fields": {"categoria": 2, "nombre": "Mezcladora Portatil", "ano": 2015, "modelo": 3, "marca": 3}, "model": "main.herramienta", "pk": 12}, {"fields": {"categoria": 1, "nombre": "Producto Generico 1", "ano": 2015, "modelo": 4, "marca": 1}, "model": "main.herramienta", "pk": 13}, {"fields": {"categoria": 1, "nombre": "Producto generico 2", "ano": 2015, "modelo": 4, "marca": 1}, "model": "main.herramienta", "pk": 14}, {"fields": {"categoria": 1, "nombre": "Producto Generico 3", "ano": 2015, "modelo": 4, "marca": 1}, "model": "main.herramienta", "pk": 15}, {"fields": {"categoria": 1, "nombre": "Producto Generico 4", "ano": 2015, "modelo": 4, "marca": 1}, "model": "main.herramienta", "pk": 16}, {"fields": {"categoria": 1, "nombre": "Producto Generico 5", "ano": 2015, "modelo": 4, "marca": 1}, "model": "main.herramienta", "pk": 17}, {"fields": {"categoria": 1, "nombre": "Producto Generico 6", "ano": 2015, "modelo": 4, "marca": 1}, "model": "main.herramienta", "pk": 18}, {"fields": {"categoria": 1, "nombre": "Producto Generico 7", "ano": 2015, "modelo": 4, "marca": 1}, "model": "main.herramienta", "pk": 19}, {"fields": {"imagen": "uploads/Productos/LH_22_302125_456.jpg", "cantidad": 1, "contenido": "Taladro con poco uso que se utiliza para romper concreto solido", "herramienta": 1, "fecha_producto": "2015-01-08T14:12:50.010Z", "oferta": true, "direccion": 1, "fecha_expiracion": "2015-01-31", "titulo": "Taladro Black & Decker", "fecha_actualizacion": "2015-02-25T03:10:28.643Z"}, "model": "main.producto", "pk": 2}, {"fields": {"imagen": "uploads/Productos/venta-de-mezclador-de-concreto-tipo-trompo-1050_f0018f2_3_orbBhT1.jpg", "cantidad": 1, "contenido": "Mezcladora tipo trompo como nueva para alquiler", "herramienta": 2, "fecha_producto": "2015-01-08T14:40:41.449Z", "oferta": true, "direccion": 1, "fecha_expiracion": "2015-01-24", "titulo": "Mezcladora Tapa Amarilla", "fecha_actualizacion": "2015-02-25T03:11:49.950Z"}, "model": "main.producto", "pk": 3}, {"fields": {"imagen": "uploads/Productos/foto-herramienta.png", "cantidad": 1, "contenido": "Excavadora con poco uso que se utiliza para movimientos de tierra medianos", "herramienta": 3, "fecha_producto": "2015-01-08T15:08:20.956Z", "oferta": false, "direccion": 1, "fecha_expiracion": "2015-01-08", "titulo": "Excavadora a la venta", "fecha_actualizacion": "2015-01-08T15:08:20.956Z"}, "model": "main.producto", "pk": 4}, {"fields": {"imagen": "uploads/Productos/aplanadora.jpg", "cantidad": 1, "contenido": "Aplanadora marca John Deere para trabajos en terrenos de tierra", "herramienta": 4, "fecha_producto": "2015-01-08T15:17:08.617Z", "oferta": true, "direccion": 2, "fecha_expiracion": "2015-01-29", "titulo": "Alquiler aplanadora", "fecha_actualizacion": "2015-01-08T15:17:08.617Z"}, "model": "main.producto", "pk": 5}, {"fields": {"imagen": "uploads/Productos/r4d022000_210g_642x462_2kVvUCT.png", "cantidad": 1, "contenido": "Maquina en perfectas condiciones y disponible para ser comprada", "herramienta": 11, "fecha_producto": "2015-02-24T23:04:40.990Z", "oferta": true, "direccion": 9, "fecha_expiracion": "2015-12-01", "titulo": "Vendo Maquina Excavadora, poco uso.", "fecha_actualizacion": "2015-02-24T23:04:40.990Z"}, "model": "main.producto", "pk": 7}, {"fields": {"imagen": "uploads/Productos/venta-de-mezclador-de-concreto-tipo-trompo-1050_f0018f2_3.jpg", "cantidad": 1, "contenido": "asdlaskl;d'asd", "herramienta": 12, "fecha_producto": "2015-02-24T23:18:16.523Z", "oferta": false, "direccion": 10, "fecha_expiracion": "2015-12-01", "titulo": "Trompo portatil!", "fecha_actualizacion": "2015-02-24T23:18:16.523Z"}, "model": "main.producto", "pk": 8}, {"fields": {"imagen": "uploads/Productos/mfSlc2jWHqqukCi4hUsen7Q_T5VHFMq.jpg", "cantidad": 12, "contenido": "Contenido del producto generico 1", "herramienta": 13, "fecha_producto": "2015-03-01T00:45:30.692Z", "oferta": false, "direccion": 9, "fecha_expiracion": "2015-03-01", "titulo": "Producto generico uno", "fecha_actualizacion": "2015-03-01T00:45:30.692Z"}, "model": "main.producto", "pk": 12}, {"fields": {"imagen": "uploads/Productos/mfSlc2jWHqqukCi4hUsen7Q_a1JD8rk.jpg", "cantidad": 34, "contenido": "Contenido del producto generico 2", "herramienta": 14, "fecha_producto": "2015-03-01T00:45:58.751Z", "oferta": false, "direccion": 9, "fecha_expiracion": "2015-03-01", "titulo": "Producto generico dos", "fecha_actualizacion": "2015-03-01T00:45:58.751Z"}, "model": "main.producto", "pk": 13}, {"fields": {"imagen": "uploads/Productos/mfSlc2jWHqqukCi4hUsen7Q_eNWHc4x.jpg", "cantidad": 4, "contenido": "Contenido del producto generico 3", "herramienta": 15, "fecha_producto": "2015-03-01T00:48:16.373Z", "oferta": false, "direccion": 9, "fecha_expiracion": "2015-03-01", "titulo": "Producto generico tres", "fecha_actualizacion": "2015-03-01T00:48:16.373Z"}, "model": "main.producto", "pk": 14}, {"fields": {"imagen": "uploads/Productos/mfSlc2jWHqqukCi4hUsen7Q_On3MRQD.jpg", "cantidad": 15, "contenido": "Contenido del producto generico 4", "herramienta": 16, "fecha_producto": "2015-03-01T00:48:40.860Z", "oferta": false, "direccion": 9, "fecha_expiracion": "2015-03-01", "titulo": "Producto generico cuatro", "fecha_actualizacion": "2015-03-01T00:48:40.860Z"}, "model": "main.producto", "pk": 15}, {"fields": {"imagen": "uploads/Productos/mfSlc2jWHqqukCi4hUsen7Q_AtRcsys.jpg", "cantidad": 16, "contenido": "Contenido del producto generico 5", "herramienta": 17, "fecha_producto": "2015-03-01T00:49:06.230Z", "oferta": false, "direccion": 2, "fecha_expiracion": "2015-03-01", "titulo": "Producto generico cinco", "fecha_actualizacion": "2015-03-01T00:49:06.230Z"}, "model": "main.producto", "pk": 16}, {"fields": {"imagen": "uploads/Productos/mfSlc2jWHqqukCi4hUsen7Q_GDTZ4Wr.jpg", "cantidad": 13, "contenido": "Contenido del producto generico 6", "herramienta": 18, "fecha_producto": "2015-03-01T00:49:31.895Z", "oferta": false, "direccion": 1, "fecha_expiracion": "2015-03-01", "titulo": "Producto generico seis", "fecha_actualizacion": "2015-03-01T00:49:31.895Z"}, "model": "main.producto", "pk": 17}, {"fields": {"imagen": "uploads/Productos/mfSlc2jWHqqukCi4hUsen7Q_AR2LY7X.jpg", "cantidad": 13, "contenido": "Contenido del producto generico 7", "herramienta": 19, "fecha_producto": "2015-03-01T00:49:49.979Z", "oferta": false, "direccion": 2, "fecha_expiracion": "2015-03-01", "titulo": "Producto generico siete", "fecha_actualizacion": "2015-03-01T00:49:49.979Z"}, "model": "main.producto", "pk": 18}, {"fields": {"precio": "1000.00", "dias": 1}, "model": "main.alquiler", "pk": 5}, {"fields": {"precio": "2000.00", "dias": 7}, "model": "main.alquiler", "pk": 3}, {"fields": {"precio": "100000.00", "dias": 7}, "model": "main.alquiler", "pk": 8}, {"fields": {"precio": "5000000.00"}, "model": "main.venta", "pk": 4}, {"fields": {"precio": "9000.00"}, "model": "main.venta", "pk": 16}, {"fields": {"precio": "10000.00"}, "model": "main.venta", "pk": 15}, {"fields": {"precio": "1234.00"}, "model": "main.venta", "pk": 13}, {"fields": {"precio": "40000.24"}, "model": "main.venta", "pk": 17}, {"fields": {"precio": "2345.00"}, "model": "main.venta", "pk": 18}, {"fields": {"precio": "5456.00"}, "model": "main.venta", "pk": 14}, {"fields": {"precio": "12345.00"}, "model": "main.venta", "pk": 12}, {"fields": {"precio": "50000.00"}, "model": "main.venta", "pk": 2}, {"fields": {"precio": "5454554545.00"}, "model": "main.venta", "pk": 7}, {"fields": {"producto": 2, "monto": "50000.00", "fecha": "2015-02-25T19:44:45.491Z", "verificado": false, "usuario": 1}, "model": "main.pago", "pk": 1}, {"fields": {"producto": 4, "monto": "5000000.00", "fecha": "2015-02-25T19:45:06.430Z", "verificado": false, "usuario": 1}, "model": "main.pago", "pk": 2}, {"fields": {"producto": 5, "monto": "7100.00", "fecha": "2015-02-25T19:45:35.386Z", "verificado": false, "usuario": 1}, "model": "main.pago", "pk": 3}, {"fields": {}, "model": "main.pagoventa", "pk": 1}, {"fields": {}, "model": "main.pagoventa", "pk": 2}, {"fields": {"dias": 7}, "model": "main.pagoalquiler", "pk": 3}, {"fields": {"codename": "add_logentry", "name": "Can add log entry", "content_type": 1}, "model": "auth.permission", "pk": 1}, {"fields": {"codename": "change_logentry", "name": "Can change log entry", "content_type": 1}, "model": "auth.permission", "pk": 2}, {"fields": {"codename": "delete_logentry", "name": "Can delete log entry", "content_type": 1}, "model": "auth.permission", "pk": 3}, {"fields": {"codename": "add_permission", "name": "Can add permission", "content_type": 2}, "model": "auth.permission", "pk": 4}, {"fields": {"codename": "change_permission", "name": "Can change permission", "content_type": 2}, "model": "auth.permission", "pk": 5}, {"fields": {"codename": "delete_permission", "name": "Can delete permission", "content_type": 2}, "model": "auth.permission", "pk": 6}, {"fields": {"codename": "add_group", "name": "Can add group", "content_type": 3}, "model": "auth.permission", "pk": 7}, {"fields": {"codename": "change_group", "name": "Can change group", "content_type": 3}, "model": "auth.permission", "pk": 8}, {"fields": {"codename": "delete_group", "name": "Can delete group", "content_type": 3}, "model": "auth.permission", "pk": 9}, {"fields": {"codename": "add_contenttype", "name": "Can add content type", "content_type": 4}, "model": "auth.permission", "pk": 10}, {"fields": {"codename": "change_contenttype", "name": "Can change content type", "content_type": 4}, "model": "auth.permission", "pk": 11}, {"fields": {"codename": "delete_contenttype", "name": "Can delete content type", "content_type": 4}, "model": "auth.permission", "pk": 12}, {"fields": {"codename": "add_session", "name": "Can add session", "content_type": 5}, "model": "auth.permission", "pk": 13}, {"fields": {"codename": "change_session", "name": "Can change session", "content_type": 5}, "model": "auth.permission", "pk": 14}, {"fields": {"codename": "delete_session", "name": "Can delete session", "content_type": 5}, "model": "auth.permission", "pk": 15}, {"fields": {"codename": "add_user", "name": "Can add user", "content_type": 6}, "model": "auth.permission", "pk": 16}, {"fields": {"codename": "change_user", "name": "Can change user", "content_type": 6}, "model": "auth.permission", "pk": 17}, {"fields": {"codename": "delete_user", "name": "Can delete user", "content_type": 6}, "model": "auth.permission", "pk": 18}, {"fields": {"codename": "add_banner", "name": "Can add Banner", "content_type": 7}, "model": "auth.permission", "pk": 19}, {"fields": {"codename": "change_banner", "name": "Can change Banner", "content_type": 7}, "model": "auth.permission", "pk": 20}, {"fields": {"codename": "delete_banner", "name": "Can delete Banner", "content_type": 7}, "model": "auth.permission", "pk": 21}, {"fields": {"codename": "add_empresa", "name": "Can add Empresa", "content_type": 8}, "model": "auth.permission", "pk": 22}, {"fields": {"codename": "change_empresa", "name": "Can change Empresa", "content_type": 8}, "model": "auth.permission", "pk": 23}, {"fields": {"codename": "delete_empresa", "name": "Can delete Empresa", "content_type": 8}, "model": "auth.permission", "pk": 24}, {"fields": {"codename": "add_estado", "name": "Can add Estado", "content_type": 9}, "model": "auth.permission", "pk": 25}, {"fields": {"codename": "change_estado", "name": "Can change Estado", "content_type": 9}, "model": "auth.permission", "pk": 26}, {"fields": {"codename": "delete_estado", "name": "Can delete Estado", "content_type": 9}, "model": "auth.permission", "pk": 27}, {"fields": {"codename": "add_ciudad", "name": "Can add Ciudad", "content_type": 10}, "model": "auth.permission", "pk": 28}, {"fields": {"codename": "change_ciudad", "name": "Can change Ciudad", "content_type": 10}, "model": "auth.permission", "pk": 29}, {"fields": {"codename": "delete_ciudad", "name": "Can delete Ciudad", "content_type": 10}, "model": "auth.permission", "pk": 30}, {"fields": {"codename": "add_zona", "name": "Can add Zona", "content_type": 11}, "model": "auth.permission", "pk": 31}, {"fields": {"codename": "change_zona", "name": "Can change Zona", "content_type": 11}, "model": "auth.permission", "pk": 32}, {"fields": {"codename": "delete_zona", "name": "Can delete Zona", "content_type": 11}, "model": "auth.permission", "pk": 33}, {"fields": {"codename": "add_direccion", "name": "Can add Direccion", "content_type": 12}, "model": "auth.permission", "pk": 34}, {"fields": {"codename": "change_direccion", "name": "Can change Direccion", "content_type": 12}, "model": "auth.permission", "pk": 35}, {"fields": {"codename": "delete_direccion", "name": "Can delete Direccion", "content_type": 12}, "model": "auth.permission", "pk": 36}, {"fields": {"codename": "add_categoria", "name": "Can add Categoria", "content_type": 13}, "model": "auth.permission", "pk": 37}, {"fields": {"codename": "change_categoria", "name": "Can change Categoria", "content_type": 13}, "model": "auth.permission", "pk": 38}, {"fields": {"codename": "delete_categoria", "name": "Can delete Categoria", "content_type": 13}, "model": "auth.permission", "pk": 39}, {"fields": {"codename": "add_marca", "name": "Can add Marca", "content_type": 14}, "model": "auth.permission", "pk": 40}, {"fields": {"codename": "change_marca", "name": "Can change Marca", "content_type": 14}, "model": "auth.permission", "pk": 41}, {"fields": {"codename": "delete_marca", "name": "Can delete Marca", "content_type": 14}, "model": "auth.permission", "pk": 42}, {"fields": {"codename": "add_modelo", "name": "Can add Modelo", "content_type": 15}, "model": "auth.permission", "pk": 43}, {"fields": {"codename": "change_modelo", "name": "Can change Modelo", "content_type": 15}, "model": "auth.permission", "pk": 44}, {"fields": {"codename": "delete_modelo", "name": "Can delete Modelo", "content_type": 15}, "model": "auth.permission", "pk": 45}, {"fields": {"codename": "add_herramienta", "name": "Can add Herramienta", "content_type": 16}, "model": "auth.permission", "pk": 46}, {"fields": {"codename": "change_herramienta", "name": "Can change Herramienta", "content_type": 16}, "model": "auth.permission", "pk": 47}, {"fields": {"codename": "delete_herramienta", "name": "Can delete Herramienta", "content_type": 16}, "model": "auth.permission", "pk": 48}, {"fields": {"codename": "add_producto", "name": "Can add Producto", "content_type": 17}, "model": "auth.permission", "pk": 49}, {"fields": {"codename": "change_producto", "name": "Can change Producto", "content_type": 17}, "model": "auth.permission", "pk": 50}, {"fields": {"codename": "delete_producto", "name": "Can delete Producto", "content_type": 17}, "model": "auth.permission", "pk": 51}, {"fields": {"codename": "add_imagenproducto", "name": "Can add Imagen Producto", "content_type": 18}, "model": "auth.permission", "pk": 52}, {"fields": {"codename": "change_imagenproducto", "name": "Can change Imagen Producto", "content_type": 18}, "model": "auth.permission", "pk": 53}, {"fields": {"codename": "delete_imagenproducto", "name": "Can delete Imagen Producto", "content_type": 18}, "model": "auth.permission", "pk": 54}, {"fields": {"codename": "add_alquiler", "name": "Can add Alquiler", "content_type": 19}, "model": "auth.permission", "pk": 55}, {"fields": {"codename": "change_alquiler", "name": "Can change Alquiler", "content_type": 19}, "model": "auth.permission", "pk": 56}, {"fields": {"codename": "delete_alquiler", "name": "Can delete Alquiler", "content_type": 19}, "model": "auth.permission", "pk": 57}, {"fields": {"codename": "add_venta", "name": "Can add Venta", "content_type": 20}, "model": "auth.permission", "pk": 58}, {"fields": {"codename": "change_venta", "name": "Can change Venta", "content_type": 20}, "model": "auth.permission", "pk": 59}, {"fields": {"codename": "delete_venta", "name": "Can delete Venta", "content_type": 20}, "model": "auth.permission", "pk": 60}, {"fields": {"codename": "add_pago", "name": "Can add Pago", "content_type": 21}, "model": "auth.permission", "pk": 61}, {"fields": {"codename": "change_pago", "name": "Can change Pago", "content_type": 21}, "model": "auth.permission", "pk": 62}, {"fields": {"codename": "delete_pago", "name": "Can delete Pago", "content_type": 21}, "model": "auth.permission", "pk": 63}, {"fields": {"codename": "add_pagoventa", "name": "Can add Pago Venta", "content_type": 22}, "model": "auth.permission", "pk": 64}, {"fields": {"codename": "change_pagoventa", "name": "Can change Pago Venta", "content_type": 22}, "model": "auth.permission", "pk": 65}, {"fields": {"codename": "delete_pagoventa", "name": "Can delete Pago Venta", "content_type": 22}, "model": "auth.permission", "pk": 66}, {"fields": {"codename": "add_pagoalquiler", "name": "Can add Pago Alquiler", "content_type": 23}, "model": "auth.permission", "pk": 67}, {"fields": {"codename": "change_pagoalquiler", "name": "Can change Pago Alquiler", "content_type": 23}, "model": "auth.permission", "pk": 68}, {"fields": {"codename": "delete_pagoalquiler", "name": "Can delete Pago Alquiler", "content_type": 23}, "model": "auth.permission", "pk": 69}, {"fields": {"action_flag": 1, "action_time": "2015-03-01T00:21:57.848Z", "object_repr": "Producto Generico 1", "object_id": "13", "change_message": "", "user": 1, "content_type": 16}, "model": "admin.logentry", "pk": 1}, {"fields": {"action_flag": 1, "action_time": "2015-03-01T00:22:30.514Z", "object_repr": "Producto object", "object_id": "9", "change_message": "", "user": 1, "content_type": 17}, "model": "admin.logentry", "pk": 2}, {"fields": {"action_flag": 1, "action_time": "2015-03-01T00:23:18.068Z", "object_repr": "Producto generico 2", "object_id": "14", "change_message": "", "user": 1, "content_type": 16}, "model": "admin.logentry", "pk": 3}, {"fields": {"action_flag": 1, "action_time": "2015-03-01T00:23:28.936Z", "object_repr": "Producto Generico 3", "object_id": "15", "change_message": "", "user": 1, "content_type": 16}, "model": "admin.logentry", "pk": 4}, {"fields": {"action_flag": 1, "action_time": "2015-03-01T00:23:39.394Z", "object_repr": "Producto Generico 4", "object_id": "16", "change_message": "", "user": 1, "content_type": 16}, "model": "admin.logentry", "pk": 5}, {"fields": {"action_flag": 1, "action_time": "2015-03-01T00:23:49.524Z", "object_repr": "Producto Generico 5", "object_id": "17", "change_message": "", "user": 1, "content_type": 16}, "model": "admin.logentry", "pk": 6}, {"fields": {"action_flag": 1, "action_time": "2015-03-01T00:23:59.137Z", "object_repr": "Producto Generico 6", "object_id": "18", "change_message": "", "user": 1, "content_type": 16}, "model": "admin.logentry", "pk": 7}, {"fields": {"action_flag": 1, "action_time": "2015-03-01T00:24:09.758Z", "object_repr": "Producto Generico 7", "object_id": "19", "change_message": "", "user": 1, "content_type": 16}, "model": "admin.logentry", "pk": 8}, {"fields": {"action_flag": 1, "action_time": "2015-03-01T00:24:55.866Z", "object_repr": "Producto object", "object_id": "10", "change_message": "", "user": 1, "content_type": 17}, "model": "admin.logentry", "pk": 9}, {"fields": {"action_flag": 1, "action_time": "2015-03-01T00:25:21.948Z", "object_repr": "Producto object", "object_id": "11", "change_message": "", "user": 1, "content_type": 17}, "model": "admin.logentry", "pk": 10}, {"fields": {"action_flag": 3, "action_time": "2015-03-01T00:39:06.027Z", "object_repr": "Producto object", "object_id": "9", "change_message": "", "user": 1, "content_type": 17}, "model": "admin.logentry", "pk": 11}, {"fields": {"action_flag": 3, "action_time": "2015-03-01T00:39:14.304Z", "object_repr": "Producto object", "object_id": "11", "change_message": "", "user": 1, "content_type": 17}, "model": "admin.logentry", "pk": 12}, {"fields": {"action_flag": 3, "action_time": "2015-03-01T00:39:21.632Z", "object_repr": "Producto object", "object_id": "10", "change_message": "", "user": 1, "content_type": 17}, "model": "admin.logentry", "pk": 13}, {"fields": {"action_flag": 1, "action_time": "2015-03-01T00:45:30.712Z", "object_repr": "Venta object", "object_id": "12", "change_message": "", "user": 1, "content_type": 20}, "model": "admin.logentry", "pk": 14}, {"fields": {"action_flag": 1, "action_time": "2015-03-01T00:45:58.758Z", "object_repr": "Venta object", "object_id": "13", "change_message": "", "user": 1, "content_type": 20}, "model": "admin.logentry", "pk": 15}, {"fields": {"action_flag": 1, "action_time": "2015-03-01T00:48:16.378Z", "object_repr": "Venta object", "object_id": "14", "change_message": "", "user": 1, "content_type": 20}, "model": "admin.logentry", "pk": 16}, {"fields": {"action_flag": 1, "action_time": "2015-03-01T00:48:40.870Z", "object_repr": "Venta object", "object_id": "15", "change_message": "", "user": 1, "content_type": 20}, "model": "admin.logentry", "pk": 17}, {"fields": {"action_flag": 1, "action_time": "2015-03-01T00:49:06.237Z", "object_repr": "Venta object", "object_id": "16", "change_message": "", "user": 1, "content_type": 20}, "model": "admin.logentry", "pk": 18}, {"fields": {"action_flag": 1, "action_time": "2015-03-01T00:49:31.899Z", "object_repr": "Venta object", "object_id": "17", "change_message": "", "user": 1, "content_type": 20}, "model": "admin.logentry", "pk": 19}, {"fields": {"action_flag": 1, "action_time": "2015-03-01T00:49:49.983Z", "object_repr": "Venta object", "object_id": "18", "change_message": "", "user": 1, "content_type": 20}, "model": "admin.logentry", "pk": 20}]