[{"fields": {"model": "logentry", "name": "log entry", "app_label": "admin"}, "model": "contenttypes.contenttype", "pk": 1}, {"fields": {"model": "permission", "name": "permission", "app_label": "auth"}, "model": "contenttypes.contenttype", "pk": 2}, {"fields": {"model": "group", "name": "group", "app_label": "auth"}, "model": "contenttypes.contenttype", "pk": 3}, {"fields": {"model": "contenttype", "name": "content type", "app_label": "contenttypes"}, "model": "contenttypes.contenttype", "pk": 4}, {"fields": {"model": "session", "name": "session", "app_label": "sessions"}, "model": "contenttypes.contenttype", "pk": 5}, {"fields": {"model": "user", "name": "user", "app_label": "administrador"}, "model": "contenttypes.contenttype", "pk": 6}, {"fields": {"model": "banner", "name": "Banner", "app_label": "administrador"}, "model": "contenttypes.contenttype", "pk": 7}, {"fields": {"model": "empresa", "name": "Empresa", "app_label": "main"}, "model": "contenttypes.contenttype", "pk": 8}, {"fields": {"model": "estado", "name": "Estado", "app_label": "main"}, "model": "contenttypes.contenttype", "pk": 9}, {"fields": {"model": "ciudad", "name": "Ciudad", "app_label": "main"}, "model": "contenttypes.contenttype", "pk": 10}, {"fields": {"model": "zona", "name": "Zona", "app_label": "main"}, "model": "contenttypes.contenttype", "pk": 11}, {"fields": {"model": "direccion", "name": "Direccion", "app_label": "main"}, "model": "contenttypes.contenttype", "pk": 12}, {"fields": {"model": "categoria", "name": "Categoria", "app_label": "main"}, "model": "contenttypes.contenttype", "pk": 13}, {"fields": {"model": "marca", "name": "Marca", "app_label": "main"}, "model": "contenttypes.contenttype", "pk": 14}, {"fields": {"model": "modelo", "name": "Modelo", "app_label": "main"}, "model": "contenttypes.contenttype", "pk": 15}, {"fields": {"model": "herramienta", "name": "Herramienta", "app_label": "main"}, "model": "contenttypes.contenttype", "pk": 16}, {"fields": {"model": "producto", "name": "Producto", "app_label": "main"}, "model": "contenttypes.contenttype", "pk": 17}, {"fields": {"model": "imagenproducto", "name": "ImagenProducto", "app_label": "main"}, "model": "contenttypes.contenttype", "pk": 18}, {"fields": {"model": "alquiler", "name": "Alquiler", "app_label": "main"}, "model": "contenttypes.contenttype", "pk": 19}, {"fields": {"model": "venta", "name": "Venta", "app_label": "main"}, "model": "contenttypes.contenttype", "pk": 20}, {"fields": {"expire_date": "2015-03-08T17:09:23.853Z", "session_data": "NTkwZDI0ODQyYTYzOGI0OGQwZTIwOTA3MzE3NmIzNmQ5OGEwMjQ1NDp7Il9hdXRoX3VzZXJfaGFzaCI6IjM5ODZiMDUwMmZmYTAwN2RlOGYzMTU2MTA5OTU0ODE4NGFkZDkzZjAiLCJfYXV0aF91c2VyX2JhY2tlbmQiOiJkamFuZ28uY29udHJpYi5hdXRoLmJhY2tlbmRzLk1vZGVsQmFja2VuZCIsIl9hdXRoX3VzZXJfaWQiOjF9"}, "model": "sessions.session", "pk": "1bqc0sr95362eonc8w1j5rvh45wofe31"}, {"fields": {"expire_date": "2015-03-08T00:08:14.452Z", "session_data": "NTkwZDI0ODQyYTYzOGI0OGQwZTIwOTA3MzE3NmIzNmQ5OGEwMjQ1NDp7Il9hdXRoX3VzZXJfaGFzaCI6IjM5ODZiMDUwMmZmYTAwN2RlOGYzMTU2MTA5OTU0ODE4NGFkZDkzZjAiLCJfYXV0aF91c2VyX2JhY2tlbmQiOiJkamFuZ28uY29udHJpYi5hdXRoLmJhY2tlbmRzLk1vZGVsQmFja2VuZCIsIl9hdXRoX3VzZXJfaWQiOjF9"}, "model": "sessions.session", "pk": "6aq4g6mx3b3ovjx93voxpdd5xzb12ygh"}, {"fields": {"expire_date": "2015-03-05T16:16:40.602Z", "session_data": "MGM2OGVhMWZmOTY2ZTM3OWM3ZWM4MjUxNGZkMGMzNDJiN2NlZWM2NTp7fQ=="}, "model": "sessions.session", "pk": "9wdx8zbmsa6fje9tm3cqamd1vnw96ab3"}, {"fields": {"expire_date": "2015-03-05T16:17:01.713Z", "session_data": "MGM2OGVhMWZmOTY2ZTM3OWM3ZWM4MjUxNGZkMGMzNDJiN2NlZWM2NTp7fQ=="}, "model": "sessions.session", "pk": "a9a734snocrlue3ky8fbsfc069001xsp"}, {"fields": {"expire_date": "2015-03-05T16:15:58.481Z", "session_data": "MGM2OGVhMWZmOTY2ZTM3OWM3ZWM4MjUxNGZkMGMzNDJiN2NlZWM2NTp7fQ=="}, "model": "sessions.session", "pk": "kvgcfprjej556p7oqr4l59fdu0kxli55"}, {"fields": {"nacionalidad": "V", "apellido": "valderrama", "is_active": true, "ciudad": "mynameis862", "is_staff": true, "last_login": "2015-02-22T17:09:23.813Z", "nombre": "edgar", "password": "pbkdf2_sha256$12000$xMQqB9QoMY7Q$Uw5+H3buJNRQh3cyVqcQHbbOCKDv4COUdGdHkR/n14I=", "email": "valderrama_862@hotmail.com", "cedula": 200824989}, "model": "administrador.user", "pk": 1}, {"fields": {"nombre": "Miranda"}, "model": "main.estado", "pk": 1}, {"fields": {"nombre": "Distrito Capital"}, "model": "main.estado", "pk": 2}, {"fields": {"nombre": "Aragua"}, "model": "main.estado", "pk": 3}, {"fields": {"nombre": "Carabobo"}, "model": "main.estado", "pk": 4}, {"fields": {"nombre": "Miranda"}, "model": "main.estado", "pk": 5}, {"fields": {"nombre": "M\u00e9rida"}, "model": "main.estado", "pk": 6}, {"fields": {"nombre": "T\u00e1chira"}, "model": "main.estado", "pk": 7}, {"fields": {"nombre": "Vargas"}, "model": "main.estado", "pk": 8}, {"fields": {"nombre": "Zulia"}, "model": "main.estado", "pk": 9}, {"fields": {"nombre": "Caracas", "estado": 2}, "model": "main.ciudad", "pk": 1}, {"fields": {"nombre": "Los Teques", "estado": 1}, "model": "main.ciudad", "pk": 2}, {"fields": {"nombre": "Maracay", "estado": 3}, "model": "main.ciudad", "pk": 3}, {"fields": {"nombre": "Valencia", "estado": 4}, "model": "main.ciudad", "pk": 4}, {"fields": {"nombre": "Guarenas", "estado": 5}, "model": "main.ciudad", "pk": 5}, {"fields": {"nombre": "Los Teques", "estado": 5}, "model": "main.ciudad", "pk": 6}, {"fields": {"nombre": "El Vig\u00eda", "estado": 6}, "model": "main.ciudad", "pk": 7}, {"fields": {"nombre": "M\u00e9rida", "estado": 6}, "model": "main.ciudad", "pk": 8}, {"fields": {"nombre": "Maracaibo", "estado": 9}, "model": "main.ciudad", "pk": 9}, {"fields": {"nombre": "Cabimas", "estado": 9}, "model": "main.ciudad", "pk": 10}, {"fields": {"nombre": "San Cristobal", "estado": 7}, "model": "main.ciudad", "pk": 11}, {"fields": {"nombre": "Boleita", "ciudad": 1}, "model": "main.zona", "pk": 1}, {"fields": {"nombre": "Petare", "ciudad": 1}, "model": "main.zona", "pk": 2}, {"fields": {"nombre": "Centro", "ciudad": 1}, "model": "main.zona", "pk": 3}, {"fields": {"ciudad": 1, "estado": 2, "zona": 1, "domicilio": "Calle 5ta del centro con 6ta"}, "model": "main.direccion", "pk": 1}, {"fields": {"ciudad": 1, "estado": 2, "zona": 1, "domicilio": "Cuadra 12 urbanizacion Boleita Norte"}, "model": "main.direccion", "pk": 2}, {"fields": {"nombre": "Taladros"}, "model": "main.categoria", "pk": 1}, {"fields": {"nombre": "Trompos"}, "model": "main.categoria", "pk": 2}, {"fields": {"nombre": "Excavadoras"}, "model": "main.categoria", "pk": 3}, {"fields": {"nombre": "Aplanadoras"}, "model": "main.categoria", "pk": 4}, {"fields": {"nombre": "Black & Decker"}, "model": "main.marca", "pk": 1}, {"fields": {"nombre": "Tapa Amarilla"}, "model": "main.marca", "pk": 2}, {"fields": {"nombre": "Caterpillar"}, "model": "main.marca", "pk": 3}, {"fields": {"nombre": "John Deere"}, "model": "main.marca", "pk": 4}, {"fields": {"nombre": "Rimax"}, "model": "main.marca", "pk": 5}, {"fields": {"nombre": "Blacksmith"}, "model": "main.marca", "pk": 6}, {"fields": {"nombre": "Concreto", "marca": 1}, "model": "main.modelo", "pk": 1}, {"fields": {"nombre": "G501", "marca": 2}, "model": "main.modelo", "pk": 2}, {"fields": {"nombre": "CAT-415", "marca": 3}, "model": "main.modelo", "pk": 3}, {"fields": {"nombre": "AP-441", "marca": 4}, "model": "main.modelo", "pk": 4}, {"fields": {"categoria": 1, "nombre": "Taladro", "ano": 1996, "modelo": 1, "marca": 1}, "model": "main.herramienta", "pk": 1}, {"fields": {"categoria": 2, "nombre": "Mezcladora", "ano": 2013, "modelo": 2, "marca": 2}, "model": "main.herramienta", "pk": 2}, {"fields": {"categoria": 3, "nombre": "Excavadora", "ano": 2005, "modelo": 3, "marca": 3}, "model": "main.herramienta", "pk": 3}, {"fields": {"categoria": 4, "nombre": "Aplanadora", "ano": 2008, "modelo": 4, "marca": 4}, "model": "main.herramienta", "pk": 4}, {"fields": {"imagen": "uploads/Productos/taladro_prueba_9qdJ1eX.jpg", "cantidad": 3, "contenido": "Taladro con poco uso que se utiliza para romper concreto solido", "herramienta": 1, "fecha_producto": "2015-01-08T14:12:50.010Z", "oferta": true, "direccion": 1, "fecha_expiracion": "2015-01-31T14:12:10Z", "titulo": "Taladro Black & Decker", "fecha_actualizacion": "2015-02-22T19:27:45.548Z"}, "model": "main.producto", "pk": 2}, {"fields": {"imagen": "uploads/Productos/mezcladora.jpg", "cantidad": 5, "contenido": "Mezcladora tipo trompo como nueva para alquiler", "herramienta": 2, "fecha_producto": "2015-01-08T14:40:41.449Z", "oferta": true, "direccion": 1, "fecha_expiracion": "2015-01-24T14:39:34Z", "titulo": "Mezcladora Tapa Amarilla", "fecha_actualizacion": "2015-02-22T00:08:40.433Z"}, "model": "main.producto", "pk": 3}, {"fields": {"imagen": "uploads/Productos/foto-herramienta.png", "cantidad": 1, "contenido": "Excavadora con poco uso que se utiliza para movimientos de tierra medianos", "herramienta": 3, "fecha_producto": "2015-01-08T15:08:20.956Z", "oferta": false, "direccion": 1, "fecha_expiracion": "2015-01-08T15:07:21Z", "titulo": "Excavadora a la venta", "fecha_actualizacion": "2015-02-22T19:21:25.150Z"}, "model": "main.producto", "pk": 4}, {"fields": {"imagen": "uploads/Productos/aplanadora_HYwcMFb.jpg", "cantidad": 3, "contenido": "Aplanadora marca John Deere para trabajos en terrenos de tierra", "herramienta": 4, "fecha_producto": "2015-01-08T15:17:08.617Z", "oferta": true, "direccion": 2, "fecha_expiracion": "2015-01-29T15:15:51Z", "titulo": "Alquiler aplanadora", "fecha_actualizacion": "2015-02-22T19:20:54.949Z"}, "model": "main.producto", "pk": 5}, {"fields": {"descripcion": "foto 2", "Producto": 5, "imagen": "uploads/img/aplanadora_wU2jdEj.jpg", "thumbnail": "uploads/img/thumbnails/aplanadora_thumbnail_Qswv0OK.jpeg"}, "model": "main.imagenproducto", "pk": 2}, {"fields": {"descripcion": "foto 3", "Producto": 5, "imagen": "uploads/img/aplanadora_ZIXGbon.jpg", "thumbnail": "uploads/img/thumbnails/aplanadora_thumbnail_JaCMVIs.jpeg"}, "model": "main.imagenproducto", "pk": 3}, {"fields": {"descripcion": "foto 1", "Producto": 4, "imagen": "uploads/img/foto-herramienta.png", "thumbnail": "uploads/img/thumbnails/foto-herramienta_thumbnail.png"}, "model": "main.imagenproducto", "pk": 4}, {"fields": {"descripcion": "foto 2", "Producto": 4, "imagen": "uploads/img/foto-herramienta-grande.png", "thumbnail": "uploads/img/thumbnails/foto-herramienta-grande_thumbnail.png"}, "model": "main.imagenproducto", "pk": 5}, {"fields": {"precio": "1000.35", "dias": 1}, "model": "main.alquiler", "pk": 5}, {"fields": {"precio": "2000.45", "dias": 7}, "model": "main.alquiler", "pk": 3}, {"fields": {"precio": "5000000.00"}, "model": "main.venta", "pk": 4}, {"fields": {"precio": "90000.99"}, "model": "main.venta", "pk": 2}, {"fields": {"codename": "add_logentry", "name": "Can add log entry", "content_type": 1}, "model": "auth.permission", "pk": 1}, {"fields": {"codename": "change_logentry", "name": "Can change log entry", "content_type": 1}, "model": "auth.permission", "pk": 2}, {"fields": {"codename": "delete_logentry", "name": "Can delete log entry", "content_type": 1}, "model": "auth.permission", "pk": 3}, {"fields": {"codename": "add_permission", "name": "Can add permission", "content_type": 2}, "model": "auth.permission", "pk": 4}, {"fields": {"codename": "change_permission", "name": "Can change permission", "content_type": 2}, "model": "auth.permission", "pk": 5}, {"fields": {"codename": "delete_permission", "name": "Can delete permission", "content_type": 2}, "model": "auth.permission", "pk": 6}, {"fields": {"codename": "add_group", "name": "Can add group", "content_type": 3}, "model": "auth.permission", "pk": 7}, {"fields": {"codename": "change_group", "name": "Can change group", "content_type": 3}, "model": "auth.permission", "pk": 8}, {"fields": {"codename": "delete_group", "name": "Can delete group", "content_type": 3}, "model": "auth.permission", "pk": 9}, {"fields": {"codename": "add_user", "name": "Can add user", "content_type": 4}, "model": "auth.permission", "pk": 10}, {"fields": {"codename": "change_user", "name": "Can change user", "content_type": 4}, "model": "auth.permission", "pk": 11}, {"fields": {"codename": "delete_user", "name": "Can delete user", "content_type": 4}, "model": "auth.permission", "pk": 12}, {"fields": {"codename": "add_contenttype", "name": "Can add content type", "content_type": 5}, "model": "auth.permission", "pk": 13}, {"fields": {"codename": "change_contenttype", "name": "Can change content type", "content_type": 5}, "model": "auth.permission", "pk": 14}, {"fields": {"codename": "delete_contenttype", "name": "Can delete content type", "content_type": 5}, "model": "auth.permission", "pk": 15}, {"fields": {"codename": "add_session", "name": "Can add session", "content_type": 6}, "model": "auth.permission", "pk": 16}, {"fields": {"codename": "change_session", "name": "Can change session", "content_type": 6}, "model": "auth.permission", "pk": 17}, {"fields": {"codename": "delete_session", "name": "Can delete session", "content_type": 6}, "model": "auth.permission", "pk": 18}, {"fields": {"codename": "add_estado", "name": "Can add Estado", "content_type": 7}, "model": "auth.permission", "pk": 19}, {"fields": {"codename": "change_estado", "name": "Can change Estado", "content_type": 7}, "model": "auth.permission", "pk": 20}, {"fields": {"codename": "delete_estado", "name": "Can delete Estado", "content_type": 7}, "model": "auth.permission", "pk": 21}, {"fields": {"codename": "add_ciudad", "name": "Can add Ciudad", "content_type": 8}, "model": "auth.permission", "pk": 22}, {"fields": {"codename": "change_ciudad", "name": "Can change Ciudad", "content_type": 8}, "model": "auth.permission", "pk": 23}, {"fields": {"codename": "delete_ciudad", "name": "Can delete Ciudad", "content_type": 8}, "model": "auth.permission", "pk": 24}, {"fields": {"codename": "add_zona", "name": "Can add Zona", "content_type": 9}, "model": "auth.permission", "pk": 25}, {"fields": {"codename": "change_zona", "name": "Can change Zona", "content_type": 9}, "model": "auth.permission", "pk": 26}, {"fields": {"codename": "delete_zona", "name": "Can delete Zona", "content_type": 9}, "model": "auth.permission", "pk": 27}, {"fields": {"codename": "add_direccion", "name": "Can add Direccion", "content_type": 10}, "model": "auth.permission", "pk": 28}, {"fields": {"codename": "change_direccion", "name": "Can change Direccion", "content_type": 10}, "model": "auth.permission", "pk": 29}, {"fields": {"codename": "delete_direccion", "name": "Can delete Direccion", "content_type": 10}, "model": "auth.permission", "pk": 30}, {"fields": {"codename": "add_marca", "name": "Can add Marca", "content_type": 11}, "model": "auth.permission", "pk": 31}, {"fields": {"codename": "change_marca", "name": "Can change Marca", "content_type": 11}, "model": "auth.permission", "pk": 32}, {"fields": {"codename": "delete_marca", "name": "Can delete Marca", "content_type": 11}, "model": "auth.permission", "pk": 33}, {"fields": {"codename": "add_modelo", "name": "Can add Modelo", "content_type": 12}, "model": "auth.permission", "pk": 34}, {"fields": {"codename": "change_modelo", "name": "Can change Modelo", "content_type": 12}, "model": "auth.permission", "pk": 35}, {"fields": {"codename": "delete_modelo", "name": "Can delete Modelo", "content_type": 12}, "model": "auth.permission", "pk": 36}, {"fields": {"codename": "add_herramienta", "name": "Can add Herramienta", "content_type": 13}, "model": "auth.permission", "pk": 37}, {"fields": {"codename": "change_herramienta", "name": "Can change Herramienta", "content_type": 13}, "model": "auth.permission", "pk": 38}, {"fields": {"codename": "delete_herramienta", "name": "Can delete Herramienta", "content_type": 13}, "model": "auth.permission", "pk": 39}, {"fields": {"codename": "add_alquiler", "name": "Can add Alquiler", "content_type": 14}, "model": "auth.permission", "pk": 40}, {"fields": {"codename": "change_alquiler", "name": "Can change Alquiler", "content_type": 14}, "model": "auth.permission", "pk": 41}, {"fields": {"codename": "delete_alquiler", "name": "Can delete Alquiler", "content_type": 14}, "model": "auth.permission", "pk": 42}, {"fields": {"codename": "add_compra", "name": "Can add Compra", "content_type": 15}, "model": "auth.permission", "pk": 43}, {"fields": {"codename": "change_compra", "name": "Can change Compra", "content_type": 15}, "model": "auth.permission", "pk": 44}, {"fields": {"codename": "delete_compra", "name": "Can delete Compra", "content_type": 15}, "model": "auth.permission", "pk": 45}, {"fields": {"codename": "add_herramienta", "name": "Can add Herramienta", "content_type": 16}, "model": "auth.permission", "pk": 46}, {"fields": {"codename": "change_herramienta", "name": "Can change Herramienta", "content_type": 16}, "model": "auth.permission", "pk": 47}, {"fields": {"codename": "delete_herramienta", "name": "Can delete Herramienta", "content_type": 16}, "model": "auth.permission", "pk": 48}, {"fields": {"codename": "add_producto", "name": "Can add Producto", "content_type": 17}, "model": "auth.permission", "pk": 49}, {"fields": {"codename": "change_producto", "name": "Can change Producto", "content_type": 17}, "model": "auth.permission", "pk": 50}, {"fields": {"codename": "delete_producto", "name": "Can delete Producto", "content_type": 17}, "model": "auth.permission", "pk": 51}, {"fields": {"codename": "add_imagenproducto", "name": "Can add ImagenProducto", "content_type": 18}, "model": "auth.permission", "pk": 52}, {"fields": {"codename": "change_imagenproducto", "name": "Can change ImagenProducto", "content_type": 18}, "model": "auth.permission", "pk": 53}, {"fields": {"codename": "delete_imagenproducto", "name": "Can delete ImagenProducto", "content_type": 18}, "model": "auth.permission", "pk": 54}, {"fields": {"codename": "add_alquiler", "name": "Can add Alquiler", "content_type": 19}, "model": "auth.permission", "pk": 55}, {"fields": {"codename": "change_alquiler", "name": "Can change Alquiler", "content_type": 19}, "model": "auth.permission", "pk": 56}, {"fields": {"codename": "delete_alquiler", "name": "Can delete Alquiler", "content_type": 19}, "model": "auth.permission", "pk": 57}, {"fields": {"codename": "add_venta", "name": "Can add Venta", "content_type": 20}, "model": "auth.permission", "pk": 58}, {"fields": {"codename": "change_venta", "name": "Can change Venta", "content_type": 20}, "model": "auth.permission", "pk": 59}, {"fields": {"codename": "delete_venta", "name": "Can delete Venta", "content_type": 20}, "model": "auth.permission", "pk": 60}, {"fields": {"action_flag": 1, "action_time": "2014-12-10T20:41:55.137Z", "object_repr": "Amazonas", "object_id": "1", "change_message": "", "user": 1, "content_type": 7}, "model": "admin.logentry", "pk": 1}, {"fields": {"action_flag": 1, "action_time": "2014-12-10T20:42:03.925Z", "object_repr": "Anzoategui", "object_id": "2", "change_message": "", "user": 1, "content_type": 7}, "model": "admin.logentry", "pk": 2}, {"fields": {"action_flag": 1, "action_time": "2014-12-10T20:42:09.123Z", "object_repr": "Apure", "object_id": "3", "change_message": "", "user": 1, "content_type": 7}, "model": "admin.logentry", "pk": 3}, {"fields": {"action_flag": 1, "action_time": "2014-12-10T20:42:39.221Z", "object_repr": "Anaco", "object_id": "1", "change_message": "", "user": 1, "content_type": 8}, "model": "admin.logentry", "pk": 4}, {"fields": {"action_flag": 1, "action_time": "2014-12-10T20:42:53.843Z", "object_repr": "Guasdualito", "object_id": "2", "change_message": "", "user": 1, "content_type": 8}, "model": "admin.logentry", "pk": 5}, {"fields": {"action_flag": 1, "action_time": "2014-12-10T20:43:11.764Z", "object_repr": "Barcelona", "object_id": "3", "change_message": "", "user": 1, "content_type": 8}, "model": "admin.logentry", "pk": 6}, {"fields": {"action_flag": 1, "action_time": "2014-12-10T21:05:13.821Z", "object_repr": "Caracas", "object_id": "4", "change_message": "", "user": 1, "content_type": 7}, "model": "admin.logentry", "pk": 7}, {"fields": {"action_flag": 1, "action_time": "2014-12-10T21:05:20.695Z", "object_repr": "Miranda", "object_id": "5", "change_message": "", "user": 1, "content_type": 7}, "model": "admin.logentry", "pk": 8}, {"fields": {"action_flag": 1, "action_time": "2014-12-10T21:05:30.899Z", "object_repr": "M\u00e9rida", "object_id": "6", "change_message": "", "user": 1, "content_type": 7}, "model": "admin.logentry", "pk": 9}, {"fields": {"action_flag": 1, "action_time": "2014-12-10T21:05:42.310Z", "object_repr": "T\u00e1chira", "object_id": "7", "change_message": "", "user": 1, "content_type": 7}, "model": "admin.logentry", "pk": 10}, {"fields": {"action_flag": 1, "action_time": "2014-12-10T21:05:55.563Z", "object_repr": "Vargas", "object_id": "8", "change_message": "", "user": 1, "content_type": 7}, "model": "admin.logentry", "pk": 11}, {"fields": {"action_flag": 1, "action_time": "2014-12-10T21:06:03.859Z", "object_repr": "Zulia", "object_id": "9", "change_message": "", "user": 1, "content_type": 7}, "model": "admin.logentry", "pk": 12}, {"fields": {"action_flag": 2, "action_time": "2014-12-10T21:06:31.269Z", "object_repr": "Distrito Capital", "object_id": "4", "change_message": "Modificado/a nombre.", "user": 1, "content_type": 7}, "model": "admin.logentry", "pk": 13}, {"fields": {"action_flag": 1, "action_time": "2014-12-10T21:06:44.074Z", "object_repr": "Caracas", "object_id": "4", "change_message": "", "user": 1, "content_type": 8}, "model": "admin.logentry", "pk": 14}, {"fields": {"action_flag": 1, "action_time": "2014-12-10T21:07:15.162Z", "object_repr": "Guarenas", "object_id": "5", "change_message": "", "user": 1, "content_type": 8}, "model": "admin.logentry", "pk": 15}, {"fields": {"action_flag": 1, "action_time": "2014-12-10T21:07:24.390Z", "object_repr": "Los Teques", "object_id": "6", "change_message": "", "user": 1, "content_type": 8}, "model": "admin.logentry", "pk": 16}, {"fields": {"action_flag": 1, "action_time": "2014-12-10T21:07:41.819Z", "object_repr": "El Vig\u00eda", "object_id": "7", "change_message": "", "user": 1, "content_type": 8}, "model": "admin.logentry", "pk": 17}, {"fields": {"action_flag": 1, "action_time": "2014-12-10T21:07:49.078Z", "object_repr": "M\u00e9rida", "object_id": "8", "change_message": "", "user": 1, "content_type": 8}, "model": "admin.logentry", "pk": 18}, {"fields": {"action_flag": 1, "action_time": "2014-12-10T21:08:04.776Z", "object_repr": "Maracaibo", "object_id": "9", "change_message": "", "user": 1, "content_type": 8}, "model": "admin.logentry", "pk": 19}, {"fields": {"action_flag": 1, "action_time": "2014-12-10T21:08:16.843Z", "object_repr": "Cabimas", "object_id": "10", "change_message": "", "user": 1, "content_type": 8}, "model": "admin.logentry", "pk": 20}, {"fields": {"action_flag": 1, "action_time": "2014-12-10T21:08:44.198Z", "object_repr": "San Cristobal", "object_id": "11", "change_message": "", "user": 1, "content_type": 8}, "model": "admin.logentry", "pk": 21}, {"fields": {"action_flag": 1, "action_time": "2014-12-10T21:08:58.420Z", "object_repr": "Sucre", "object_id": "1", "change_message": "", "user": 1, "content_type": 9}, "model": "admin.logentry", "pk": 22}, {"fields": {"action_flag": 1, "action_time": "2014-12-10T21:09:13.821Z", "object_repr": "Petare", "object_id": "2", "change_message": "", "user": 1, "content_type": 9}, "model": "admin.logentry", "pk": 23}, {"fields": {"action_flag": 1, "action_time": "2014-12-10T21:12:35.288Z", "object_repr": "zona industrial, galpon 8", "object_id": "1", "change_message": "", "user": 1, "content_type": 10}, "model": "admin.logentry", "pk": 24}, {"fields": {"action_flag": 1, "action_time": "2014-12-10T21:16:16.056Z", "object_repr": "Sector el manguito, calle 4, edificio El Saman", "object_id": "2", "change_message": "", "user": 1, "content_type": 10}, "model": "admin.logentry", "pk": 25}, {"fields": {"action_flag": 1, "action_time": "2014-12-10T22:15:18.450Z", "object_repr": "Black and decker", "object_id": "3", "change_message": "", "user": 1, "content_type": 11}, "model": "admin.logentry", "pk": 26}, {"fields": {"action_flag": 1, "action_time": "2014-12-10T22:15:25.134Z", "object_repr": "catherpilar", "object_id": "4", "change_message": "", "user": 1, "content_type": 11}, "model": "admin.logentry", "pk": 27}, {"fields": {"action_flag": 1, "action_time": "2014-12-10T22:15:47.830Z", "object_repr": "Rimax", "object_id": "5", "change_message": "", "user": 1, "content_type": 11}, "model": "admin.logentry", "pk": 28}, {"fields": {"action_flag": 1, "action_time": "2014-12-10T22:16:09.422Z", "object_repr": "Blacksmith", "object_id": "6", "change_message": "", "user": 1, "content_type": 11}, "model": "admin.logentry", "pk": 29}, {"fields": {"action_flag": 2, "action_time": "2014-12-10T22:16:17.995Z", "object_repr": "Catherpilar", "object_id": "4", "change_message": "Modificado/a nombre.", "user": 1, "content_type": 11}, "model": "admin.logentry", "pk": 30}, {"fields": {"action_flag": 1, "action_time": "2014-12-10T22:16:48.973Z", "object_repr": "ABC-123", "object_id": "1", "change_message": "", "user": 1, "content_type": 12}, "model": "admin.logentry", "pk": 31}, {"fields": {"action_flag": 1, "action_time": "2014-12-10T22:21:27.896Z", "object_repr": "DEF-456", "object_id": "2", "change_message": "", "user": 1, "content_type": 12}, "model": "admin.logentry", "pk": 32}, {"fields": {"action_flag": 1, "action_time": "2014-12-10T22:21:55.038Z", "object_repr": "GHI-789", "object_id": "3", "change_message": "", "user": 1, "content_type": 12}, "model": "admin.logentry", "pk": 33}, {"fields": {"action_flag": 1, "action_time": "2014-12-10T22:22:10.330Z", "object_repr": "XYZ-000", "object_id": "4", "change_message": "", "user": 1, "content_type": 12}, "model": "admin.logentry", "pk": 34}, {"fields": {"action_flag": 1, "action_time": "2014-12-10T22:22:36.980Z", "object_repr": "Taladro", "object_id": "1", "change_message": "", "user": 1, "content_type": 13}, "model": "admin.logentry", "pk": 35}, {"fields": {"action_flag": 2, "action_time": "2014-12-10T22:23:07.213Z", "object_repr": "Taladro", "object_id": "1", "change_message": "Modificado/a modelo.", "user": 1, "content_type": 13}, "model": "admin.logentry", "pk": 36}, {"fields": {"action_flag": 1, "action_time": "2014-12-10T22:23:16.637Z", "object_repr": "Martillo", "object_id": "2", "change_message": "", "user": 1, "content_type": 13}, "model": "admin.logentry", "pk": 37}, {"fields": {"action_flag": 1, "action_time": "2014-12-10T22:23:43.381Z", "object_repr": "Camion", "object_id": "3", "change_message": "", "user": 1, "content_type": 13}, "model": "admin.logentry", "pk": 38}, {"fields": {"action_flag": 2, "action_time": "2015-02-22T00:08:32.991Z", "object_repr": "Alquiler object", "object_id": "5", "change_message": "Modificado/a precio.", "user": 1, "content_type": 19}, "model": "admin.logentry", "pk": 39}, {"fields": {"action_flag": 2, "action_time": "2015-02-22T00:08:40.437Z", "object_repr": "Alquiler object", "object_id": "3", "change_message": "Modificado/a precio.", "user": 1, "content_type": 19}, "model": "admin.logentry", "pk": 40}, {"fields": {"action_flag": 2, "action_time": "2015-02-22T02:08:44.871Z", "object_repr": "Venta object", "object_id": "2", "change_message": "Modificado/a precio.", "user": 1, "content_type": 20}, "model": "admin.logentry", "pk": 41}, {"fields": {"action_flag": 2, "action_time": "2015-02-22T02:09:03.074Z", "object_repr": "Venta object", "object_id": "2", "change_message": "No ha cambiado ning\u00fan campo.", "user": 1, "content_type": 20}, "model": "admin.logentry", "pk": 42}, {"fields": {"action_flag": 2, "action_time": "2015-02-22T02:10:02.926Z", "object_repr": "Venta object", "object_id": "2", "change_message": "Modificado/a precio.", "user": 1, "content_type": 20}, "model": "admin.logentry", "pk": 43}, {"fields": {"action_flag": 2, "action_time": "2015-02-22T02:10:36.997Z", "object_repr": "Venta object", "object_id": "2", "change_message": "Modificado/a precio.", "user": 1, "content_type": 20}, "model": "admin.logentry", "pk": 44}, {"fields": {"action_flag": 2, "action_time": "2015-02-22T03:53:14.012Z", "object_repr": "Venta object", "object_id": "2", "change_message": "Modificado/a precio.", "user": 1, "content_type": 20}, "model": "admin.logentry", "pk": 45}, {"fields": {"action_flag": 2, "action_time": "2015-02-22T03:53:29.484Z", "object_repr": "Venta object", "object_id": "2", "change_message": "Modificado/a precio.", "user": 1, "content_type": 20}, "model": "admin.logentry", "pk": 46}, {"fields": {"action_flag": 2, "action_time": "2015-02-22T03:53:57.950Z", "object_repr": "Venta object", "object_id": "2", "change_message": "Modificado/a precio.", "user": 1, "content_type": 20}, "model": "admin.logentry", "pk": 47}, {"fields": {"action_flag": 2, "action_time": "2015-02-22T03:54:11.759Z", "object_repr": "Venta object", "object_id": "2", "change_message": "Modificado/a precio.", "user": 1, "content_type": 20}, "model": "admin.logentry", "pk": 48}, {"fields": {"action_flag": 2, "action_time": "2015-02-22T17:10:14.372Z", "object_repr": "Producto object", "object_id": "5", "change_message": "Modificado/a imagen.", "user": 1, "content_type": 17}, "model": "admin.logentry", "pk": 49}, {"fields": {"action_flag": 2, "action_time": "2015-02-22T17:10:31.116Z", "object_repr": "Producto object", "object_id": "5", "change_message": "Modificado/a imagen.", "user": 1, "content_type": 17}, "model": "admin.logentry", "pk": 50}, {"fields": {"action_flag": 2, "action_time": "2015-02-22T17:10:40.534Z", "object_repr": "Producto object", "object_id": "5", "change_message": "Modificado/a imagen.", "user": 1, "content_type": 17}, "model": "admin.logentry", "pk": 51}, {"fields": {"action_flag": 2, "action_time": "2015-02-22T18:45:53.703Z", "object_repr": "Producto object", "object_id": "5", "change_message": "Modificado/a imagen.", "user": 1, "content_type": 17}, "model": "admin.logentry", "pk": 52}, {"fields": {"action_flag": 2, "action_time": "2015-02-22T19:18:15.447Z", "object_repr": "Producto object", "object_id": "5", "change_message": "A\u00f1adido/a \"foto 1\" ImagenProducto. A\u00f1adido/a \"foto 2\" ImagenProducto. A\u00f1adido/a \"foto 3\" ImagenProducto.", "user": 1, "content_type": 17}, "model": "admin.logentry", "pk": 53}, {"fields": {"action_flag": 2, "action_time": "2015-02-22T19:18:48.205Z", "object_repr": "Producto object", "object_id": "4", "change_message": "A\u00f1adido/a \"foto 1\" ImagenProducto.", "user": 1, "content_type": 17}, "model": "admin.logentry", "pk": 54}, {"fields": {"action_flag": 2, "action_time": "2015-02-22T19:19:43.373Z", "object_repr": "Producto object", "object_id": "5", "change_message": "Eliminado/a \"foto 1\" ImagenProducto.", "user": 1, "content_type": 17}, "model": "admin.logentry", "pk": 55}, {"fields": {"action_flag": 2, "action_time": "2015-02-22T19:20:50.641Z", "object_repr": "Producto object", "object_id": "5", "change_message": "No ha cambiado ning\u00fan campo.", "user": 1, "content_type": 17}, "model": "admin.logentry", "pk": 56}, {"fields": {"action_flag": 2, "action_time": "2015-02-22T19:20:54.953Z", "object_repr": "Producto object", "object_id": "5", "change_message": "No ha cambiado ning\u00fan campo.", "user": 1, "content_type": 17}, "model": "admin.logentry", "pk": 57}, {"fields": {"action_flag": 2, "action_time": "2015-02-22T19:21:00.798Z", "object_repr": "Producto object", "object_id": "4", "change_message": "No ha cambiado ning\u00fan campo.", "user": 1, "content_type": 17}, "model": "admin.logentry", "pk": 58}, {"fields": {"action_flag": 2, "action_time": "2015-02-22T19:21:25.362Z", "object_repr": "Producto object", "object_id": "4", "change_message": "A\u00f1adido/a \"foto 2\" Imagen Producto. Modificados imagen para \"foto 1\" Imagen Producto.", "user": 1, "content_type": 17}, "model": "admin.logentry", "pk": 59}, {"fields": {"action_flag": 2, "action_time": "2015-02-22T19:27:40.631Z", "object_repr": "Producto object", "object_id": "2", "change_message": "No ha cambiado ning\u00fan campo.", "user": 1, "content_type": 17}, "model": "admin.logentry", "pk": 60}, {"fields": {"action_flag": 2, "action_time": "2015-02-22T19:27:45.551Z", "object_repr": "Producto object", "object_id": "2", "change_message": "No ha cambiado ning\u00fan campo.", "user": 1, "content_type": 17}, "model": "admin.logentry", "pk": 61}]