[
{
    "fields": {
        "info": "Minions ipsum uuuhhh uuuhhh hahaha me want bananaaa! Poopayee chasy tulaliloo uuuhhh butt daa pepete chasy butt butt. Daa belloo! Pepete tatata bala tu bee do bee do bee do. Wiiiii chasy bee do bee do bee do belloo! Chasy ti aamoo! Jiji belloo! Potatoooo jeje tatata bala tu. Gelatooo poopayee para t\u00fa tatata bala tu tulaliloo. Tatata bala tu ti aamoo! Bananaaaa belloo! Butt bee do bee do bee do bananaaaa poulet tikka masala me want bananaaa! Po kass la bodaaa potatoooo baboiii poulet tikka masala jiji bappleees para t\u00fa potatoooo daa tulaliloo.   Bananaaaa bee do bee do bee do poopayee butt po kass potatoooo underweaaar tatata bala tu gelatooo. Potatoooo jiji po kass jiji. Me want bananaaa! me want bananaaa! Butt jiji hana dul sae jeje jeje para t\u00fa jiji pepete bananaaaa. Gelatooo po kass tulaliloo butt poulet tikka masala hahaha po kass jiji aaaaaah uuuhhh. Gelatooo po kass tank yuuu! Wiiiii underweaaar uuuhhh jeje poulet tikka masala. Po kass butt poopayee tank yuuu! Underweaaar me want bananaaa! Jeje. Butt belloo! Aaaaaah tank yuuu! Gelatooo wiiiii jeje tulaliloo. Tank yuuu! poulet tikka masala tank yuuu! Potatoooo jiji.",
        "servicios": "Minions ipsum uuuhhh uuuhhh hahaha me want bananaaa! Poopayee chasy tulaliloo uuuhhh butt daa pepete chasy butt butt. Daa belloo! Pepete tatata bala tu bee do bee do bee do. Wiiiii chasy bee do bee do bee do belloo! Chasy ti aamoo! Jiji belloo! Potatoooo jeje tatata bala tu. Gelatooo poopayee para t\u00fa tatata bala tu tulaliloo. Tatata bala tu ti aamoo! Bananaaaa belloo! Butt bee do bee do bee do bananaaaa poulet tikka masala me want bananaaa! Po kass la bodaaa potatoooo baboiii poulet tikka masala jiji bappleees para t\u00fa potatoooo daa tulaliloo.",
        "mision": "Minions ipsum uuuhhh uuuhhh hahaha me want bananaaa! Poopayee chasy tulaliloo uuuhhh butt daa pepete chasy butt butt. Daa belloo! Pepete tatata bala tu bee do bee do bee do. Wiiiii chasy bee do bee do bee do belloo! Chasy ti aamoo! Jiji belloo! Potatoooo jeje tatata bala tu. Gelatooo poopayee para t\u00fa tatata bala tu tulaliloo. Tatata bala tu ti aamoo! Bananaaaa belloo! Butt bee do bee do bee do bananaaaa poulet tikka masala me want bananaaa! Po kass la bodaaa potatoooo baboiii poulet tikka masala jiji bappleees para t\u00fa potatoooo daa tulaliloo.asd adasd",
        "vision": "Minions ipsum uuuhhh uuuhhh hahaha me want bananaaa! Poopayee chasy tulaliloo uuuhhh butt daa pepete chasy butt butt. Daa belloo! Pepete tatata bala tu bee do bee do bee do. Wiiiii chasy bee do bee do bee do belloo! Chasy ti aamoo! Jiji belloo! Potatoooo jeje tatata bala tu. Gelatooo poopayee para t\u00fa tatata bala tu tulaliloo. Tatata bala tu ti aamoo! Bananaaaa belloo! Butt bee do bee do bee do bananaaaa poulet tikka masala me want bananaaa! Po kass la bodaaa potatoooo baboiii poulet tikka masala jiji bappleees para t\u00fa potatoooo daa tulaliloo."
    },
    "model": "main.empresa",
    "pk": 1
},
{
    "fields": {
        "info": "Minions ipsum uuuhhh uuuhhh hahaha me want bananaaa! Poopayee chasy tulaliloo uuuhhh butt daa pepete chasy butt butt. Daa belloo! Pepete tatata bala tu bee do bee do bee do. Wiiiii chasy bee do bee do bee do belloo! Chasy ti aamoo! Jiji belloo! Potatoooo jeje tatata bala tu. Gelatooo poopayee para t\u00fa tatata bala tu tulaliloo. Tatata bala tu ti aamoo! Bananaaaa belloo! Butt bee do bee do bee do bananaaaa poulet tikka masala me want bananaaa! Po kass la bodaaa potatoooo baboiii poulet tikka masala jiji bappleees para t\u00fa potatoooo daa tulaliloo.   Bananaaaa bee do bee do bee do poopayee butt po kass potatoooo underweaaar tatata bala tu gelatooo. Potatoooo jiji po kass jiji. Me want bananaaa! me want bananaaa! Butt jiji hana dul sae jeje jeje para t\u00fa jiji pepete bananaaaa. Gelatooo po kass tulaliloo butt poulet tikka masala hahaha po kass jiji aaaaaah uuuhhh. Gelatooo po kass tank yuuu! Wiiiii underweaaar uuuhhh jeje poulet tikka masala. Po kass butt poopayee tank yuuu! Underweaaar me want bananaaa! Jeje. Butt belloo! Aaaaaah tank yuuu! Gelatooo wiiiii jeje tulaliloo. Tank yuuu! poulet tikka masala tank yuuu! Potatoooo jiji.",
        "servicios": "Minions ipsum uuuhhh uuuhhh hahaha me want bananaaa! Poopayee chasy tulaliloo uuuhhh butt daa pepete chasy butt butt. Daa belloo! Pepete tatata bala tu bee do bee do bee do. Wiiiii chasy bee do bee do bee do belloo! Chasy ti aamoo! Jiji belloo! Potatoooo jeje tatata bala tu. Gelatooo poopayee para t\u00fa tatata bala tu tulaliloo. Tatata bala tu ti aamoo! Bananaaaa belloo! Butt bee do bee do bee do bananaaaa poulet tikka masala me want bananaaa! Po kass la bodaaa potatoooo baboiii poulet tikka masala jiji bappleees para t\u00fa potatoooo daa tulaliloo.bala tu ti aamoo! Bananaaaa belloo! Butt bee do bee do bee do bananaaaa poulet tikka masala me want bananaaa! Po kass la bodaaa potatoooo baboiii poulet tikka masala jiji bappleees para t\u00fa potatoooo daa tulaliloo.",
        "mision": "Minions ipsum uuuhhh uuuhhh hahaha me want bananaaa! Poopayee chasy tulaliloo uuuhhh butt daa pepete chasy butt butt. Daa belloo! Pepete tatata bala tu bee do bee do bee do. Wiiiii chasy bee do bee do bee do belloo! Chasy ti aamoo! Jiji belloo! Potatoooo jeje tatata bala tu. Gelatooo poopayee para t\u00fa tatata bala tu tulaliloo. Tatata bala tu ti aamoo! Bananaaaa belloo! Butt bee do bee do bee do bananaaaa poulet tikka masala me want bananaaa! Po kass la bodaaa potatoooo baboiii poulet tikka masala jiji bappleees para t\u00fa potatoooo daa tulaliloo.",
        "vision": "Minions ipsum uuuhhh uuuhhh hahaha me want bananaaa! Poopayee chasy tulaliloo uuuhhh butt daa pepete chasy butt butt. Daa belloo! Pepete tatata bala tu bee do bee do bee do. Wiiiii chasy bee do bee do bee do belloo! Chasy ti aamoo! Jiji belloo! Potatoooo jeje tatata bala tu. Gelatooo poopayee para t\u00fa tatata bala tu tulaliloo. Tatata bala tu ti aamoo! Bananaaaa belloo! Butt bee do bee do bee do bananaaaa poulet tikka masala me want bananaaa! Po kass la bodaaa potatoooo baboiii poulet tikka masala jiji bappleees para t\u00fa potatoooo daa tulaliloo."
    },
    "model": "main.empresa",
    "pk": 2
},
{
    "fields": {
        "info": "Minions ipsum uuuhhh uuuhhh hahaha me want bananaaa! Poopayee chasy tulaliloo uuuhhh butt daa pepete chasy butt butt. Daa belloo! Pepete tatata bala tu bee do bee do bee do. Wiiiii chasy bee do bee do bee do belloo! Chasy ti aamoo! Jiji belloo! Potatoooo jeje tatata bala tu. Gelatooo poopayee para t\u00fa tatata bala tu tulaliloo. Tatata bala tu ti aamoo! Bananaaaa belloo! Butt bee do bee do bee do bananaaaa poulet tikka masala me want bananaaa! Po kass la bodaaa potatoooo baboiii poulet tikka masala jiji bappleees para t\u00fa potatoooo daa tulaliloo.   Bananaaaa bee do bee do bee do poopayee butt po kass potatoooo underweaaar tatata bala tu gelatooo. Potatoooo jiji po kass jiji. Me want bananaaa! me want bananaaa! Butt jiji hana dul sae jeje jeje para t\u00fa jiji pepete bananaaaa. Gelatooo po kass tulaliloo butt poulet tikka masala hahaha po kass jiji aaaaaah uuuhhh. Gelatooo po kass tank yuuu! Wiiiii underweaaar uuuhhh jeje poulet tikka masala. Po kass butt poopayee tank yuuu! Underweaaar me want bananaaa! Jeje. Butt belloo! Aaaaaah tank yuuu! Gelatooo wiiiii jeje tulaliloo. Tank yuuu! poulet tikka masala tank yuuu! Potatoooo jiji.",
        "servicios": "Minions ipsum uuuhhh uuuhhh hahaha me want bananaaa! Poopayee chasy tulaliloo uuuhhh butt daa pepete chasy butt butt. Daa belloo! Pepete tatata bala tu bee do bee do bee do. Wiiiii chasy bee do bee do bee do belloo! Chasy ti aamoo! Jiji belloo! Potatoooo jeje tatata bala tu. Gelatooo poopayee para t\u00fa tatata bala tu tulaliloo. Tatata bala tu ti aamoo! Bananaaaa belloo! Butt bee do bee do bee do bananaaaa poulet tikka masala me want bananaaa! Po kass la bodaaa potatoooo baboiii poulet tikka masala jiji bappleees para t\u00fa potatoooo daa tulaliloo.kajskjdkjad",
        "mision": "Minions ipsum uuuhhh uuuhhh hahaha me want bananaaa! Poopayee chasy tulaliloo uuuhhh butt daa pepete chasy butt butt. Daa belloo! Pepete tatata bala tu bee do bee do bee do. Wiiiii chasy bee do bee do bee do belloo! Chasy ti aamoo! Jiji belloo! Potatoooo jeje tatata bala tu. Gelatooo poopayee para t\u00fa tatata bala tu tulaliloo. Tatata bala tu ti aamoo! Bananaaaa belloo! Butt bee do bee do bee do bananaaaa poulet tikka masala me want bananaaa! Po kass la bodaaa potatoooo baboiii poulet tikka masala jiji bappleees para t\u00fa potatoooo daa tulaliloo.",
        "vision": "Minions ipsum uuuhhh uuuhhh hahaha me want bananaaa! Poopayee chasy tulaliloo uuuhhh butt daa pepete chasy butt butt. Daa belloo! Pepete tatata bala tu bee do bee do bee do. Wiiiii chasy bee do bee do bee do belloo! Chasy ti aamoo! Jiji belloo! Potatoooo jeje tatata bala tu. Gelatooo poopayee para t\u00fa tatata bala tu tulaliloo. Tatata bala tu ti aamoo! Bananaaaa belloo! Butt bee do bee do bee do bananaaaa poulet tikka masala me want bananaaa! Po kass la bodaaa potatoooo baboiii poulet tikka masala jiji bappleees para t\u00fa potatoooo daa tulaliloo."
    },
    "model": "main.empresa",
    "pk": 3
},
{
    "fields": {
        "info": "Minions ipsum uuuhhh uuuhhh hahaha me want bananaaa! Poopayee chasy tulaliloo uuuhhh butt daa pepete chasy butt butt. Daa belloo! Pepete tatata bala tu bee do bee do bee do. Wiiiii chasy bee do bee do bee do belloo! Chasy ti aamoo! Jiji belloo! Potatoooo jeje tatata bala tu. Gelatooo poopayee para t\u00fa tatata bala tu tulaliloo. Tatata bala tu ti aamoo! Bananaaaa belloo! Butt bee do bee do bee do bananaaaa poulet tikka masala me want bananaaa! Po kass la bodaaa potatoooo baboiii poulet tikka masala jiji bappleees para t\u00fa potatoooo daa tulaliloo.   Bananaaaa bee do bee do bee do poopayee butt po kass potatoooo underweaaar tatata bala tu gelatooo. Potatoooo jiji po kass jiji. Me want bananaaa! me want bananaaa! Butt jiji hana dul sae jeje jeje para t\u00fa jiji pepete bananaaaa. Gelatooo po kass tulaliloo butt poulet tikka masala hahaha po kass jiji aaaaaah uuuhhh. Gelatooo po kass tank yuuu! Wiiiii underweaaar uuuhhh jeje poulet tikka masala. Po kass butt poopayee tank yuuu! Underweaaar me want bananaaa! Jeje. Butt belloo! Aaaaaah tank yuuu! Gelatooo wiiiii jeje tulaliloo. Tank yuuu! poulet tikka masala tank yuuu! Potatoooo jiji.",
        "servicios": "Minions ipsum uuuhhh uuuhhh hahaha me want bananaaa! Poopayee chasy tulaliloo uuuhhh butt daa pepete chasy butt butt. Daa belloo! Pepete tatata bala tu bee do bee do bee do. Wiiiii chasy bee do bee do bee do belloo! Chasy ti aamoo! Jiji belloo! Potatoooo jeje tatata bala tu. Gelatooo poopayee para t\u00fa tatata bala tu tulaliloo. Tatata bala tu ti aamoo! Bananaaaa belloo! Butt bee do bee do bee do bananaaaa poulet tikka masala me want bananaaa! Po kass la bodaaa potatoooo baboiii poulet tikka masala jiji bappleees para t\u00fa potatoooo daa tulaliloo.kajskjdkjad",
        "mision": "Minions ipsum uuuhhh uuuhhh hahaha me want bananaaa! Poopayee chasy tulaliloo uuuhhh butt daa pepete chasy butt butt. Daa belloo! Pepete tatata bala tu bee do bee do bee do. Wiiiii chasy bee do bee do bee do belloo! Chasy ti aamoo! Jiji belloo! Potatoooo jeje tatata bala tu. Gelatooo poopayee para t\u00fa tatata bala tu tulaliloo. Tatata bala tu ti aamoo! Bananaaaa belloo! Butt bee do bee do bee do bananaaaa poulet tikka masala me want bananaaa! Po kass la bodaaa potatoooo baboiii poulet tikka masala jiji bappleees para t\u00fa potatoooo daa tulaliloo.",
        "vision": "Minions ipsum uuuhhh uuuhhh hahaha me want bananaaa! Poopayee chasy tulaliloo uuuhhh butt daa pepete chasy butt butt. Daa belloo! Pepete tatata bala tu bee do bee do bee do. Wiiiii chasy bee do bee do bee do belloo! Chasy ti aamoo! Jiji belloo! Potatoooo jeje tatata bala tu. Gelatooo poopayee para t\u00fa tatata bala tu tulaliloo. Tatata bala tu ti aamoo! Bananaaaa belloo! Butt bee do bee do bee do bananaaaa poulet tikka masala me want bananaaa! Po kass la bodaaa potatoooo baboiii poulet tikka masala jiji bappleees para t\u00fa potatoooo daa tulaliloo."
    },
    "model": "main.empresa",
    "pk": 4
},
{
    "fields": {
        "info": "Minions ipsum uuuhhh uuuhhh hahaha me want bananaaa! Poopayee chasy tulaliloo uuuhhh butt daa pepete chasy butt butt. Daa belloo! Pepete tatata bala tu bee do bee do bee do. Wiiiii chasy bee do bee do bee do belloo! Chasy ti aamoo! Jiji belloo! Potatoooo jeje tatata bala tu. Gelatooo poopayee para t\u00fa tatata bala tu tulaliloo. Tatata bala tu ti aamoo! Bananaaaa belloo! Butt bee do bee do bee do bananaaaa poulet tikka masala me want bananaaa! Po kass la bodaaa potatoooo baboiii poulet tikka masala jiji bappleees para t\u00fa potatoooo daa tulaliloo.   Bananaaaa bee do bee do bee do poopayee butt po kass potatoooo underweaaar tatata bala tu gelatooo. Potatoooo jiji po kass jiji. Me want bananaaa! me want bananaaa! Butt jiji hana dul sae jeje jeje para t\u00fa jiji pepete bananaaaa. Gelatooo po kass tulaliloo butt poulet tikka masala hahaha po kass jiji aaaaaah uuuhhh. Gelatooo po kass tank yuuu! Wiiiii underweaaar uuuhhh jeje poulet tikka masala. Po kass butt poopayee tank yuuu! Underweaaar me want bananaaa! Jeje. Butt belloo! Aaaaaah tank yuuu! Gelatooo wiiiii jeje tulaliloo. Tank yuuu! poulet tikka masala tank yuuu! Potatoooo jiji.",
        "servicios": "Minions ipsum uuuhhh uuuhhh hahaha me want bananaaa! Poopayee chasy tulaliloo uuuhhh butt daa pepete chasy butt butt. Daa belloo! Pepete tatata bala tu bee do bee do bee do. Wiiiii chasy bee do bee do bee do belloo! Chasy ti aamoo! Jiji belloo! Potatoooo jeje tatata bala tu. Gelatooo poopayee para t\u00fa tatata bala tu tulaliloo. Tatata bala tu ti aamoo! Bananaaaa belloo! Butt bee do bee do bee do bananaaaa poulet tikka masala me want bananaaa! Po kass la bodaaa potatoooo baboiii poulet tikka masala jiji bappleees para t\u00fa potatoooo daa tulaliloo.\r\n\\aklslas",
        "mision": "Minions ipsum uuuhhh uuuhhh hahaha me want bananaaa! Poopayee chasy tulaliloo uuuhhh butt daa pepete chasy butt butt. Daa belloo! Pepete tatata bala tu bee do bee do bee do. Wiiiii chasy bee do bee do bee do belloo! Chasy ti aamoo! Jiji belloo! Potatoooo jeje tatata bala tu. Gelatooo poopayee para t\u00fa tatata bala tu tulaliloo. Tatata bala tu ti aamoo! Bananaaaa belloo! Butt bee do bee do bee do bananaaaa poulet tikka masala me want bananaaa! Po kass la bodaaa potatoooo baboiii poulet tikka masala jiji bappleees para t\u00fa potatoooo daa tulaliloo.",
        "vision": "Minions ipsum uuuhhh uuuhhh hahaha me want bananaaa! Poopayee chasy tulaliloo uuuhhh butt daa pepete chasy butt butt. Daa belloo! Pepete tatata bala tu bee do bee do bee do. Wiiiii chasy bee do bee do bee do belloo! Chasy ti aamoo! Jiji belloo! Potatoooo jeje tatata bala tu. Gelatooo poopayee para t\u00fa tatata bala tu tulaliloo. Tatata bala tu ti aamoo! Bananaaaa belloo! Butt bee do bee do bee do bananaaaa poulet tikka masala me want bananaaa! Po kass la bodaaa potatoooo baboiii poulet tikka masala jiji bappleees para t\u00fa potatoooo daa tulaliloo."
    },
    "model": "main.empresa",
    "pk": 5
},
{
    "fields": {
        "info": "Minions ipsum uuuhhh uuuhhh hahaha me want bananaaa! Poopayee chasy tulaliloo uuuhhh butt daa pepete chasy butt butt. Daa belloo! Pepete tatata bala tu bee do bee do bee do. Wiiiii chasy bee do bee do bee do belloo! Chasy ti aamoo! Jiji belloo! Potatoooo jeje tatata bala tu. Gelatooo poopayee para t\u00fa tatata bala tu tulaliloo. Tatata bala tu ti aamoo! Bananaaaa belloo! Butt bee do bee do bee do bananaaaa poulet tikka masala me want bananaaa! Po kass la bodaaa potatoooo baboiii poulet tikka masala jiji bappleees para t\u00fa potatoooo daa tulaliloo.   Bananaaaa bee do bee do bee do poopayee butt po kass potatoooo underweaaar tatata bala tu gelatooo. Potatoooo jiji po kass jiji. Me want bananaaa! me want bananaaa! Butt jiji hana dul sae jeje jeje para t\u00fa jiji pepete bananaaaa. Gelatooo po kass tulaliloo butt poulet tikka masala hahaha po kass jiji aaaaaah uuuhhh. Gelatooo po kass tank yuuu! Wiiiii underweaaar uuuhhh jeje poulet tikka masala. Po kass butt poopayee tank yuuu! Underweaaar me want bananaaa! Jeje. Butt belloo! Aaaaaah tank yuuu! Gelatooo wiiiii jeje tulaliloo. Tank yuuu! poulet tikka masala tank yuuu! Potatoooo jiji.",
        "servicios": "Minions ipsum uuuhhh uuuhhh hahaha me want bananaaa! Poopayee chasy tulaliloo uuuhhh butt daa pepete chasy butt butt. Daa belloo! Pepete tatata bala tu bee do bee do bee do. Wiiiii chasy bee do bee do bee do belloo! Chasy ti aamoo! Jiji belloo! Potatoooo jeje tatata bala tu. Gelatooo poopayee para t\u00fa tatata bala tu tulaliloo. Tatata bala tu ti aamoo! Bananaaaa belloo! Butt bee do bee do bee do bananaaaa poulet tikka masala me want bananaaa! Po kass la bodaaa potatoooo baboiii poulet tikka masala jiji bappleees para t\u00fa potatoooo daa tulaliloo.",
        "mision": "Minions ipsum uuuhhh uuuhhh hahaha me want bananaaa! Poopayee chasy tulaliloo uuuhhh butt daa pepete chasy butt butt. Daa belloo! Pepete tatata bala tu bee do bee do bee do. Wiiiii chasy bee do bee do bee do belloo! Chasy ti aamoo! Jiji belloo! Potatoooo jeje tatata bala tu. Gelatooo poopayee para t\u00fa tatata bala tu tulaliloo. Tatata bala tu ti aamoo! Bananaaaa belloo! Butt bee do bee do bee do bananaaaa poulet tikka masala me want bananaaa! Po kass la bodaaa potatoooo baboiii poulet tikka masala jiji bappleees para t\u00fa potatoooo daa tulaliloo.",
        "vision": "Minions ipsum uuuhhh uuuhhh hahaha me want bananaaa! Poopayee chasy tulaliloo uuuhhh butt daa pepete chasy butt butt. Daa belloo! Pepete tatata bala tu bee do bee do bee do. Wiiiii chasy bee do bee do bee do belloo! Chasy ti aamoo! Jiji belloo! Potatoooo jeje tatata bala tu. Gelatooo poopayee para t\u00fa tatata bala tu tulaliloo. Tatata bala tu ti aamoo! Bananaaaa belloo! Butt bee do bee do bee do bananaaaa poulet tikka masala me want bananaaa! Po kass la bodaaa potatoooo baboiii poulet tikka masala jiji bappleees para t\u00fa potatoooo daa tulaliloo."
    },
    "model": "main.empresa",
    "pk": 6
},
{
    "fields": {
        "info": "Minions ipsum uuuhhh uuuhhh hahaha me want bananaaa! Poopayee chasy tulaliloo uuuhhh butt daa pepete chasy butt butt. Daa belloo! Pepete tatata bala tu bee do bee do bee do. Wiiiii chasy bee do bee do bee do belloo! Chasy ti aamoo! Jiji belloo! Potatoooo jeje tatata bala tu. Gelatooo poopayee para t\u00fa tatata bala tu tulaliloo. Tatata bala tu ti aamoo! Bananaaaa belloo! Butt bee do bee do bee do bananaaaa poulet tikka masala me want bananaaa! Po kass la bodaaa potatoooo baboiii poulet tikka masala jiji bappleees para t\u00fa potatoooo daa tulaliloo.   Bananaaaa bee do bee do bee do poopayee butt po kass potatoooo underweaaar tatata bala tu gelatooo. Potatoooo jiji po kass jiji. Me want bananaaa! me want bananaaa! Butt jiji hana dul sae jeje jeje para t\u00fa jiji pepete bananaaaa. Gelatooo po kass tulaliloo butt poulet tikka masala hahaha po kass jiji aaaaaah uuuhhh. Gelatooo po kass tank yuuu! Wiiiii underweaaar uuuhhh jeje poulet tikka masala. Po kass butt poopayee tank yuuu! Underweaaar me want bananaaa! Jeje. Butt belloo! Aaaaaah tank yuuu! Gelatooo wiiiii jeje tulaliloo. Tank yuuu! poulet tikka masala tank yuuu! Potatoooo jiji.",
        "servicios": "Minions ipsum uuuhhh uuuhhh hahaha me want bananaaa! Poopayee chasy tulaliloo uuuhhh butt daa pepete chasy butt butt. Daa belloo! Pepete tatata bala tu bee do bee do bee do. Wiiiii chasy bee do bee do bee do belloo! Chasy ti aamoo! Jiji belloo! Potatoooo jeje tatata bala tu. Gelatooo poopayee para t\u00fa tatata bala tu tulaliloo. Tatata bala tu ti aamoo! Bananaaaa belloo! Butt bee do bee do bee do bananaaaa poulet tikka masala me want bananaaa! Po kass la bodaaa potatoooo baboiii poulet tikka masala jiji bappleees para t\u00fa potatoooo daa tulaliloo.",
        "mision": "Minions ipsum uuuhhh uuuhhh hahaha me want bananaaa! Poopayee chasy tulaliloo uuuhhh butt daa pepete chasy butt butt. Daa belloo! Pepete tatata bala tu bee do bee do bee do. Wiiiii chasy bee do bee do bee do belloo! Chasy ti aamoo! Jiji belloo! Potatoooo jeje tatata bala tu. Gelatooo poopayee para t\u00fa tatata bala tu tulaliloo. Tatata bala tu ti aamoo! Bananaaaa belloo! Butt bee do bee do bee do bananaaaa poulet tikka masala me want bananaaa! Po kass la bodaaa potatoooo baboiii poulet tikka masala jiji bappleees para t\u00fa potatoooo daa tulaliloo.",
        "vision": "Minions ipsum uuuhhh uuuhhh hahaha me want bananaaa! Poopayee chasy tulaliloo uuuhhh butt daa pepete chasy butt butt. Daa belloo! Pepete tatata bala tu bee do bee do bee do. Wiiiii chasy bee do bee do bee do belloo! Chasy ti aamoo! Jiji belloo! Potatoooo jeje tatata bala tu. Gelatooo poopayee para t\u00fa tatata bala tu tulaliloo. Tatata bala tu ti aamoo! Bananaaaa belloo! Butt bee do bee do bee do bananaaaa poulet tikka masala me want bananaaa! Po kass la bodaaa potatoooo baboiii poulet tikka masala jiji bappleees para t\u00fa potatoooo daa tulaliloo."
    },
    "model": "main.empresa",
    "pk": 7
},
{
    "fields": {
        "info": "Minions ipsum uuuhhh uuuhhh hahaha me want bananaaa! Poopayee chasy tulaliloo uuuhhh butt daa pepete chasy butt butt. Daa belloo! Pepete tatata bala tu bee do bee do bee do. Wiiiii chasy bee do bee do bee do belloo! Chasy ti aamoo! Jiji belloo! Potatoooo jeje tatata bala tu. Gelatooo poopayee para t\u00fa tatata bala tu tulaliloo. Tatata bala tu ti aamoo! Bananaaaa belloo! Butt bee do bee do bee do bananaaaa poulet tikka masala me want bananaaa! Po kass la bodaaa potatoooo baboiii poulet tikka masala jiji bappleees para t\u00fa potatoooo daa tulaliloo.   Bananaaaa bee do bee do bee do poopayee butt po kass potatoooo underweaaar tatata bala tu gelatooo. Potatoooo jiji po kass jiji. Me want bananaaa! me want bananaaa! Butt jiji hana dul sae jeje jeje para t\u00fa jiji pepete bananaaaa. Gelatooo po kass tulaliloo butt poulet tikka masala hahaha po kass jiji aaaaaah uuuhhh. Gelatooo po kass tank yuuu! Wiiiii underweaaar uuuhhh jeje poulet tikka masala. Po kass butt poopayee tank yuuu! Underweaaar me want bananaaa! Jeje. Butt belloo! Aaaaaah tank yuuu! Gelatooo wiiiii jeje tulaliloo. Tank yuuu! poulet tikka masala tank yuuu! Potatoooo jiji.",
        "servicios": "Minions ipsum uuuhhh uuuhhh hahaha me want bananaaa! Poopayee chasy tulaliloo uuuhhh butt daa pepete chasy butt butt. Daa belloo! Pepete tatata bala tu bee do bee do bee do. Wiiiii chasy bee do bee do bee do belloo! Chasy ti aamoo! Jiji belloo! Potatoooo jeje tatata bala tu. Gelatooo poopayee para t\u00fa tatata bala tu tulaliloo. Tatata bala tu ti aamoo! Bananaaaa belloo! Butt bee do bee do bee do bananaaaa poulet tikka masala me want bananaaa! Po kass la bodaaa potatoooo baboiii poulet tikka masala jiji bappleees para t\u00fa potatoooo daa tulaliloo.",
        "mision": "Minions ipsum uuuhhh uuuhhh hahaha me want bananaaa! Poopayee chasy tulaliloo uuuhhh butt daa pepete chasy butt butt. Daa belloo! Pepete tatata bala tu bee do bee do bee do. Wiiiii chasy bee do bee do bee do belloo! Chasy ti aamoo! Jiji belloo! Potatoooo jeje tatata bala tu. Gelatooo poopayee para t\u00fa tatata bala tu tulaliloo. Tatata bala tu ti aamoo! Bananaaaa belloo! Butt bee do bee do bee do bananaaaa poulet tikka masala me want bananaaa! Po kass la bodaaa potatoooo baboiii poulet tikka masala jiji bappleees para t\u00fa potatoooo daa tulaliloo.",
        "vision": "Minions ipsum uuuhhh uuuhhh hahaha me want bananaaa! Poopayee chasy tulaliloo uuuhhh butt daa pepete chasy butt butt. Daa belloo! Pepete tatata bala tu bee do bee do bee do. Wiiiii chasy bee do bee do bee do belloo! Chasy ti aamoo! Jiji belloo! Potatoooo jeje tatata bala tu. Gelatooo poopayee para t\u00fa tatata bala tu tulaliloo. Tatata bala tu ti aamoo! Bananaaaa belloo! Butt bee do bee do bee do bananaaaa poulet tikka masala me want bananaaa! Po kass la bodaaa potatoooo baboiii poulet tikka masala jiji bappleees para t\u00fa potatoooo daa tulaliloo."
    },
    "model": "main.empresa",
    "pk": 8
},
{
    "fields": {
        "info": "Minions ipsum uuuhhh uuuhhh hahaha me want bananaaa! Poopayee chasy tulaliloo uuuhhh butt daa pepete chasy butt butt. Daa belloo! Pepete tatata bala tu bee do bee do bee do. Wiiiii chasy bee do bee do bee do belloo! Chasy ti aamoo! Jiji belloo! Potatoooo jeje tatata bala tu. Gelatooo poopayee para t\u00fa tatata bala tu tulaliloo. Tatata bala tu ti aamoo! Bananaaaa belloo! Butt bee do bee do bee do bananaaaa poulet tikka masala me want bananaaa! Po kass la bodaaa potatoooo baboiii poulet tikka masala jiji bappleees para t\u00fa potatoooo daa tulaliloo.   Bananaaaa bee do bee do bee do poopayee butt po kass potatoooo underweaaar tatata bala tu gelatooo. Potatoooo jiji po kass jiji. Me want bananaaa! me want bananaaa! Butt jiji hana dul sae jeje jeje para t\u00fa jiji pepete bananaaaa. Gelatooo po kass tulaliloo butt poulet tikka masala hahaha po kass jiji aaaaaah uuuhhh. Gelatooo po kass tank yuuu! Wiiiii underweaaar uuuhhh jeje poulet tikka masala. Po kass butt poopayee tank yuuu! Underweaaar me want bananaaa! Jeje. Butt belloo! Aaaaaah tank yuuu! Gelatooo wiiiii jeje tulaliloo. Tank yuuu! poulet tikka masala tank yuuu! Potatoooo jiji. asdasdas",
        "servicios": "Minions ipsum uuuhhh uuuhhh hahaha me want bananaaa! Poopayee chasy tulaliloo uuuhhh butt daa pepete chasy butt butt. Daa belloo! Pepete tatata bala tu bee do bee do bee do. Wiiiii chasy bee do bee do bee do belloo! Chasy ti aamoo! Jiji belloo! Potatoooo jeje tatata bala tu. Gelatooo poopayee para t\u00fa tatata bala tu tulaliloo. Tatata bala tu ti aamoo! Bananaaaa belloo! Butt bee do bee do bee do bananaaaa poulet tikka masala me want bananaaa! Po kass la bodaaa potatoooo baboiii poulet tikka masala jiji bappleees para t\u00fa potatoooo daa tulaliloo.",
        "mision": "Minions ipsum uuuhhh uuuhhh hahaha me want bananaaa! Poopayee chasy tulaliloo uuuhhh butt daa pepete chasy butt butt. Daa belloo! Pepete tatata bala tu bee do bee do bee do. Wiiiii chasy bee do bee do bee do belloo! Chasy ti aamoo! Jiji belloo! Potatoooo jeje tatata bala tu. Gelatooo poopayee para t\u00fa tatata bala tu tulaliloo. Tatata bala tu ti aamoo! Bananaaaa belloo! Butt bee do bee do bee do bananaaaa poulet tikka masala me want bananaaa! Po kass la bodaaa potatoooo baboiii poulet tikka masala jiji bappleees para t\u00fa potatoooo daa tulaliloo.",
        "vision": "Minions ipsum uuuhhh uuuhhh hahaha me want bananaaa! Poopayee chasy tulaliloo uuuhhh butt daa pepete chasy butt butt. Daa belloo! Pepete tatata bala tu bee do bee do bee do. Wiiiii chasy bee do bee do bee do belloo! Chasy ti aamoo! Jiji belloo! Potatoooo jeje tatata bala tu. Gelatooo poopayee para t\u00fa tatata bala tu tulaliloo. Tatata bala tu ti aamoo! Bananaaaa belloo! Butt bee do bee do bee do bananaaaa poulet tikka masala me want bananaaa! Po kass la bodaaa potatoooo baboiii poulet tikka masala jiji bappleees para t\u00fa potatoooo daa tulaliloo."
    },
    "model": "main.empresa",
    "pk": 9
},
{
    "fields": {
        "nombre": "Miranda"
    },
    "model": "main.estado",
    "pk": 1
},
{
    "fields": {
        "nombre": "Distrito Capital"
    },
    "model": "main.estado",
    "pk": 2
},
{
    "fields": {
        "nombre": "Aragua"
    },
    "model": "main.estado",
    "pk": 3
},
{
    "fields": {
        "nombre": "Carabobo"
    },
    "model": "main.estado",
    "pk": 4
},
{
    "fields": {
        "nombre": "Amazonas"
    },
    "model": "main.estado",
    "pk": 5
},
{
    "fields": {
        "nombre": "Caracas",
        "estado": 2
    },
    "model": "main.ciudad",
    "pk": 1
},
{
    "fields": {
        "nombre": "Los Teques",
        "estado": 1
    },
    "model": "main.ciudad",
    "pk": 2
},
{
    "fields": {
        "nombre": "Maracay",
        "estado": 3
    },
    "model": "main.ciudad",
    "pk": 3
},
{
    "fields": {
        "nombre": "Valencia",
        "estado": 4
    },
    "model": "main.ciudad",
    "pk": 4
},
{
    "fields": {
        "nombre": "San Diego",
        "estado": 4
    },
    "model": "main.ciudad",
    "pk": 5
},
{
    "fields": {
        "nombre": "Boleita",
        "ciudad": 1
    },
    "model": "main.zona",
    "pk": 1
},
{
    "fields": {
        "nombre": "Petare",
        "ciudad": 1
    },
    "model": "main.zona",
    "pk": 2
},
{
    "fields": {
        "nombre": "Centro",
        "ciudad": 1
    },
    "model": "main.zona",
    "pk": 3
},
{
    "fields": {
        "nombre": "Santa Monica",
        "ciudad": 1
    },
    "model": "main.zona",
    "pk": 4
},
{
    "fields": {
        "ciudad": 1,
        "estado": 2,
        "zona": 1,
        "domicilio": "Calle 5ta del centro con 6ta"
    },
    "model": "main.direccion",
    "pk": 1
},
{
    "fields": {
        "ciudad": 1,
        "estado": 2,
        "zona": 1,
        "domicilio": "Cuadra 12 urbanizacion Boleita Norte"
    },
    "model": "main.direccion",
    "pk": 2
},
{
    "fields": {
        "ciudad": 1,
        "estado": 2,
        "zona": 1,
        "domicilio": "Calle 1 del cruce 2 con avenia 3"
    },
    "model": "main.direccion",
    "pk": 9
},
{
    "fields": {
        "ciudad": 1,
        "estado": 2,
        "zona": 1,
        "domicilio": "Cuadra 12 urbanizacion Boleita Norte"
    },
    "model": "main.direccion",
    "pk": 10
},
{
    "fields": {
        "nombre": "Taladros"
    },
    "model": "main.categoria",
    "pk": 1
},
{
    "fields": {
        "nombre": "Trompos"
    },
    "model": "main.categoria",
    "pk": 2
},
{
    "fields": {
        "nombre": "Excavadoras"
    },
    "model": "main.categoria",
    "pk": 3
},
{
    "fields": {
        "nombre": "Aplanadoras"
    },
    "model": "main.categoria",
    "pk": 4
},
{
    "fields": {
        "nombre": "Camiones"
    },
    "model": "main.categoria",
    "pk": 5
},
{
    "fields": {
        "nombre": "Black & Decker"
    },
    "model": "main.marca",
    "pk": 1
},
{
    "fields": {
        "nombre": "Tapa Amarilla"
    },
    "model": "main.marca",
    "pk": 2
},
{
    "fields": {
        "nombre": "Caterpillar"
    },
    "model": "main.marca",
    "pk": 3
},
{
    "fields": {
        "nombre": "John Deere"
    },
    "model": "main.marca",
    "pk": 4
},
{
    "fields": {
        "nombre": "Volkswagen"
    },
    "model": "main.marca",
    "pk": 5
},
{
    "fields": {
        "nombre": "Concreto",
        "marca": 1
    },
    "model": "main.modelo",
    "pk": 1
},
{
    "fields": {
        "nombre": "G501",
        "marca": 2
    },
    "model": "main.modelo",
    "pk": 2
},
{
    "fields": {
        "nombre": "CAT-415",
        "marca": 3
    },
    "model": "main.modelo",
    "pk": 3
},
{
    "fields": {
        "nombre": "AP-441",
        "marca": 4
    },
    "model": "main.modelo",
    "pk": 4
},
{
    "fields": {
        "nombre": "VKW",
        "marca": 5
    },
    "model": "main.modelo",
    "pk": 5
},
{
    "fields": {
        "categoria": 1,
        "nombre": "Taladro",
        "ano": 1996,
        "modelo": 1,
        "marca": 1
    },
    "model": "main.herramienta",
    "pk": 1
},
{
    "fields": {
        "categoria": 2,
        "nombre": "Mezcladora",
        "ano": 2013,
        "modelo": 2,
        "marca": 2
    },
    "model": "main.herramienta",
    "pk": 2
},
{
    "fields": {
        "categoria": 3,
        "nombre": "Excavadora",
        "ano": 2005,
        "modelo": 3,
        "marca": 3
    },
    "model": "main.herramienta",
    "pk": 3
},
{
    "fields": {
        "categoria": 4,
        "nombre": "Aplanadora",
        "ano": 2008,
        "modelo": 4,
        "marca": 4
    },
    "model": "main.herramienta",
    "pk": 4
},
{
    "fields": {
        "categoria": 3,
        "nombre": "Maquina excavadora",
        "ano": 2003,
        "modelo": 2,
        "marca": 4
    },
    "model": "main.herramienta",
    "pk": 11
},
{
    "fields": {
        "categoria": 2,
        "nombre": "Mezcladora Portatil",
        "ano": 2015,
        "modelo": 3,
        "marca": 3
    },
    "model": "main.herramienta",
    "pk": 12
},
{
    "fields": {
        "imagen": "uploads/Productos/LH_22_302125_456.jpg",
        "cantidad": 1,
        "contenido": "Taladro con poco uso que se utiliza para romper concreto solido",
        "herramienta": 1,
        "fecha_producto": "2015-01-08T14:12:50.010Z",
        "oferta": true,
        "direccion": 1,
        "fecha_expiracion": "2015-01-31",
        "titulo": "Taladro Black & Decker",
        "fecha_actualizacion": "2015-02-25T03:10:28.643Z"
    },
    "model": "main.producto",
    "pk": 2
},
{
    "fields": {
        "imagen": "uploads/Productos/venta-de-mezclador-de-concreto-tipo-trompo-1050_f0018f2_3_orbBhT1.jpg",
        "cantidad": 1,
        "contenido": "Mezcladora tipo trompo como nueva para alquiler",
        "herramienta": 2,
        "fecha_producto": "2015-01-08T14:40:41.449Z",
        "oferta": true,
        "direccion": 1,
        "fecha_expiracion": "2015-01-24",
        "titulo": "Mezcladora Tapa Amarilla",
        "fecha_actualizacion": "2015-02-25T03:11:49.950Z"
    },
    "model": "main.producto",
    "pk": 3
},
{
    "fields": {
        "imagen": "uploads/Productos/foto-herramienta.png",
        "cantidad": 1,
        "contenido": "Excavadora con poco uso que se utiliza para movimientos de tierra medianos",
        "herramienta": 3,
        "fecha_producto": "2015-01-08T15:08:20.956Z",
        "oferta": false,
        "direccion": 1,
        "fecha_expiracion": "2015-01-08",
        "titulo": "Excavadora a la venta",
        "fecha_actualizacion": "2015-01-08T15:08:20.956Z"
    },
    "model": "main.producto",
    "pk": 4
},
{
    "fields": {
        "imagen": "uploads/Productos/aplanadora.jpg",
        "cantidad": 1,
        "contenido": "Aplanadora marca John Deere para trabajos en terrenos de tierra",
        "herramienta": 4,
        "fecha_producto": "2015-01-08T15:17:08.617Z",
        "oferta": true,
        "direccion": 2,
        "fecha_expiracion": "2015-01-29",
        "titulo": "Alquiler aplanadora",
        "fecha_actualizacion": "2015-01-08T15:17:08.617Z"
    },
    "model": "main.producto",
    "pk": 5
},
{
    "fields": {
        "imagen": "uploads/Productos/r4d022000_210g_642x462_2kVvUCT.png",
        "cantidad": 1,
        "contenido": "Maquina en perfectas condiciones y disponible para ser comprada",
        "herramienta": 11,
        "fecha_producto": "2015-02-24T23:04:40.990Z",
        "oferta": true,
        "direccion": 9,
        "fecha_expiracion": "2015-12-01",
        "titulo": "Vendo Maquina Excavadora, poco uso.",
        "fecha_actualizacion": "2015-02-24T23:04:40.990Z"
    },
    "model": "main.producto",
    "pk": 7
},
{
    "fields": {
        "imagen": "uploads/Productos/venta-de-mezclador-de-concreto-tipo-trompo-1050_f0018f2_3.jpg",
        "cantidad": 1,
        "contenido": "asdlaskl;d'asd",
        "herramienta": 12,
        "fecha_producto": "2015-02-24T23:18:16.523Z",
        "oferta": false,
        "direccion": 10,
        "fecha_expiracion": "2015-12-01",
        "titulo": "Trompo portatil!",
        "fecha_actualizacion": "2015-02-24T23:18:16.523Z"
    },
    "model": "main.producto",
    "pk": 8
},
{
    "fields": {
        "precio": "1000.00",
        "dias": 1
    },
    "model": "main.alquiler",
    "pk": 5
},
{
    "fields": {
        "precio": "2000.00",
        "dias": 7
    },
    "model": "main.alquiler",
    "pk": 3
},
{
    "fields": {
        "precio": "100000.00",
        "dias": 7
    },
    "model": "main.alquiler",
    "pk": 8
},
{
    "fields": {
        "precio": "5000000.00"
    },
    "model": "main.venta",
    "pk": 4
},
{
    "fields": {
        "precio": "50000.00"
    },
    "model": "main.venta",
    "pk": 2
},
{
    "fields": {
        "precio": "5454554545.00"
    },
    "model": "main.venta",
    "pk": 7
}
]
